Workbook

Sheet Instruções
B1: Calibração e recursos de medição — Como usar esta planilha
B2: Modelo para cadastrar os instrumentos, registrar as calibrações e as verificações, ler os resultados e acompanhar os vencimentos.
B4: Legenda: onde preencher
B5: Amarelo-claro | C5: Células de entrada. É aqui que você digita.
B6: Cinza | C6: Células calculadas ou fixas (próxima data, situação, adequação, resultado, conferências). Não altere.
B7: Cinza em itálico | C7: Linha de exemplo (marcada com “Ex.”). Mostra o formato esperado e não entra nas contagens.
B8: Listas suspensas | C8: Tipo de controle, em uso, código do instrumento, tipo do registro e checklist aceitam apenas as opções da lista.
B9: Comentários | C9: Células com triângulo vermelho no canto trazem uma dica de preenchimento. Passe o mouse sobre elas.
B11: As regras de cálculo
B12: Próxima data | C12: A última calibração ou verificação mais o intervalo, em meses.
B13: Em dia | C13: Até a próxima data faltam tantos dias quanto o aviso, ou mais: um quarto do intervalo, com no máximo 30 dias.
B14: Vence em breve | C14: Faltam menos dias do que o aviso. Na verificação mensal, cerca de uma semana; no intervalo de um ano, 30 dias.
B15: Vencido | C15: A próxima data já passou. O instrumento deve ser bloqueado até a calibração.
B16: Sem calibração | C16: Não há data de calibração nem de verificação.
B17: Fora de uso | C17: O instrumento está marcado como fora de uso: reprovado, quebrado, substituído.
B18: Adequação | C18: Adequado quando a resolução cabe ao menos 10 vezes na tolerância do que o instrumento mede.
B19: Resultado | C19: Aprovado quando o valor absoluto do erro, somado à incerteza, é menor ou igual ao erro máximo admissível do instrumento.
B21: Ordem recomendada de preenchimento
B22: Passo 1 | C22: Aba Instrumentos: informe a data da leitura.
B23: Passo 2 | C23: Aba Instrumentos: cadastre cada instrumento que decide a conformidade, com o que mede, a tolerância, a resolução, o controle, o intervalo e o erro máximo admissível.
B24: Passo 3 | C24: Aba Instrumentos: informe a data da última calibração ou verificação e se o instrumento está em uso.
B25: Passo 4 | C25: Aba Calibrações: lance cada certificado e cada verificação, com o erro e a incerteza.
B26: Passo 5 | C26: Aba Calibrações: para cada reprovado, escreva a ação e a avaliação dos resultados anteriores.
B27: Passo 6 | C27: Aba Painel: leia os avisos. Depois, valide na aba Checklist.
B29: Abas da planilha
B30: Instrumentos | C30: Até 40 instrumentos. Calcula a próxima data, a situação, a adequação e a conferência.
B31: Calibrações | C31: Até 80 registros. Calcula o resultado pelo critério do instrumento e a conferência.
B32: Painel | C32: Os instrumentos por situação, os reprovados, o gráfico e o aviso.
B33: Checklist | C33: Doze verificações do controle de instrumentos, com percentual de conclusão.
B34: Exemplo 1 - Pizzaria | C34: Os instrumentos da loja, lidos em 31/03/2027.
B35: Exemplo 2 - Indústria | C35: Os instrumentos da fábrica, lidos em 30/06/2027.
B37: Regras e premissas do modelo
B38: Tolerância | C38: A amplitude da faixa aceita: de 38 a 42 µm, 4 µm. Para um limite só, use a margem que importa: no mínimo 65 °C, com 5 °C de margem.
B39: Erro máximo admissível | C39: Digite só o número, sem o sinal: 1 significa ±1. Use a mesma unidade do instrumento.
B40: Última data | C40: Atualize a cada calibração ou verificação, inclusive quando o resultado foi reprovado.
B41: Exemplos | C41: Os dados das abas de exemplo são ilustrativos, criados para este material.

Sheet Instrumentos
B1: Instrumentos de medição
B2: Um instrumento por linha: o que mede, se é adequado, como é controlado e quando vence.
B4: Data da leitura | F4: Usada para saber o que venceu e o que vence em breve. Atualize a cada leitura.
B6: # | C6: Código | D6: Instrumento | E6: Local | F6: O que mede | G6: Unidade | H6: Tolerância | I6: Resolução | J6: Controle | K6: Intervalo (meses) | L6: Última | M6: Erro máx. (±) | N6: Em uso? | O6: Próxima | P6: Situação | Q6: Adequação | R6: Conferência
C7: TER-01 | F7: Com o critério | G7: °C, g, µm | H7: Amplitude | I7: Menor passo | J7: Lista | K7: Número | L7: Data | M7: Número | N7: Lista | O7: Calculada | P7: Calculada | Q7: Calculada | R7: Calculada
B8: 1 | O8: =IF(OR(L8="",K8=""),"",EDATE(L8,K8)) | P8: =IF(C8="","",IF(N8="Não","Fora de uso",IF(L8="","Sem calibração",IF(AND(ISNUMBER($E$4),O8<$E$4),"Vencido",IF(AND(ISNUMBER($E$4),O8-$E$4<MIN(30,(O8-L8)/4)),"Vence em breve","Em dia"))))) | Q8: =IF(OR(H8="",I8=""),"",IF(I8<=H8/10+0.000000001,"Adequado","Resolução grossa")) | R8: =IF(C8="","",IF(F8="","Falta o que mede",IF(J8="","Falta o tipo de controle",IF(K8="","Falta o intervalo",IF(M8="","Falta o erro máximo admissível",IF(P8="Fora de uso","Fora de uso",IF(P8="Vencido","Vencido: bloquear ou calibrar",IF(P8="Sem calibração","Sem calibração ou verificação",IF(Q8="Resolução grossa","Resolução grossa para a tolerância","OK")))))))))
B9: 2 | O9: =IF(OR(L9="",K9=""),"",EDATE(L9,K9)) | P9: =IF(C9="","",IF(N9="Não","Fora de uso",IF(L9="","Sem calibração",IF(AND(ISNUMBER($E$4),O9<$E$4),"Vencido",IF(AND(ISNUMBER($E$4),O9-$E$4<MIN(30,(O9-L9)/4)),"Vence em breve","Em dia"))))) | Q9: =IF(OR(H9="",I9=""),"",IF(I9<=H9/10+0.000000001,"Adequado","Resolução grossa")) | R9: =IF(C9="","",IF(F9="","Falta o que mede",IF(J9="","Falta o tipo de controle",IF(K9="","Falta o intervalo",IF(M9="","Falta o erro máximo admissível",IF(P9="Fora de uso","Fora de uso",IF(P9="Vencido","Vencido: bloquear ou calibrar",IF(P9="Sem calibração","Sem calibração ou verificação",IF(Q9="Resolução grossa","Resolução grossa para a tolerância","OK")))))))))
B10: 3 | O10: =IF(OR(L10="",K10=""),"",EDATE(L10,K10)) | P10: =IF(C10="","",IF(N10="Não","Fora de uso",IF(L10="","Sem calibração",IF(AND(ISNUMBER($E$4),O10<$E$4),"Vencido",IF(AND(ISNUMBER($E$4),O10-$E$4<MIN(30,(O10-L10)/4)),"Vence em breve","Em dia"))))) | Q10: =IF(OR(H10="",I10=""),"",IF(I10<=H10/10+0.000000001,"Adequado","Resolução grossa")) | R10: =IF(C10="","",IF(F10="","Falta o que mede",IF(J10="","Falta o tipo de controle",IF(K10="","Falta o intervalo",IF(M10="","Falta o erro máximo admissível",IF(P10="Fora de uso","Fora de uso",IF(P10="Vencido","Vencido: bloquear ou calibrar",IF(P10="Sem calibração","Sem calibração ou verificação",IF(Q10="Resolução grossa","Resolução grossa para a tolerância","OK")))))))))
B11: 4 | O11: =IF(OR(L11="",K11=""),"",EDATE(L11,K11)) | P11: =IF(C11="","",IF(N11="Não","Fora de uso",IF(L11="","Sem calibração",IF(AND(ISNUMBER($E$4),O11<$E$4),"Vencido",IF(AND(ISNUMBER($E$4),O11-$E$4<MIN(30,(O11-L11)/4)),"Vence em breve","Em dia"))))) | Q11: =IF(OR(H11="",I11=""),"",IF(I11<=H11/10+0.000000001,"Adequado","Resolução grossa")) | R11: =IF(C11="","",IF(F11="","Falta o que mede",IF(J11="","Falta o tipo de controle",IF(K11="","Falta o intervalo",IF(M11="","Falta o erro máximo admissível",IF(P11="Fora de uso","Fora de uso",IF(P11="Vencido","Vencido: bloquear ou calibrar",IF(P11="Sem calibração","Sem calibração ou verificação",IF(Q11="Resolução grossa","Resolução grossa para a tolerância","OK")))))))))
B12: 5 | O12: =IF(OR(L12="",K12=""),"",EDATE(L12,K12)) | P12: =IF(C12="","",IF(N12="Não","Fora de uso",IF(L12="","Sem calibração",IF(AND(ISNUMBER($E$4),O12<$E$4),"Vencido",IF(AND(ISNUMBER($E$4),O12-$E$4<MIN(30,(O12-L12)/4)),"Vence em breve","Em dia"))))) | Q12: =IF(OR(H12="",I12=""),"",IF(I12<=H12/10+0.000000001,"Adequado","Resolução grossa")) | R12: =IF(C12="","",IF(F12="","Falta o que mede",IF(J12="","Falta o tipo de controle",IF(K12="","Falta o intervalo",IF(M12="","Falta o erro máximo admissível",IF(P12="Fora de uso","Fora de uso",IF(P12="Vencido","Vencido: bloquear ou calibrar",IF(P12="Sem calibração","Sem calibração ou verificação",IF(Q12="Resolução grossa","Resolução grossa para a tolerância","OK")))))))))
B13: 6 | O13: =IF(OR(L13="",K13=""),"",EDATE(L13,K13)) | P13: =IF(C13="","",IF(N13="Não","Fora de uso",IF(L13="","Sem calibração",IF(AND(ISNUMBER($E$4),O13<$E$4),"Vencido",IF(AND(ISNUMBER($E$4),O13-$E$4<MIN(30,(O13-L13)/4)),"Vence em breve","Em dia"))))) | Q13: =IF(OR(H13="",I13=""),"",IF(I13<=H13/10+0.000000001,"Adequado","Resolução grossa")) | R13: =IF(C13="","",IF(F13="","Falta o que mede",IF(J13="","Falta o tipo de controle",IF(K13="","Falta o intervalo",IF(M13="","Falta o erro máximo admissível",IF(P13="Fora de uso","Fora de uso",IF(P13="Vencido","Vencido: bloquear ou calibrar",IF(P13="Sem calibração","Sem calibração ou verificação",IF(Q13="Resolução grossa","Resolução grossa para a tolerância","OK")))))))))
B14: 7 | O14: =IF(OR(L14="",K14=""),"",EDATE(L14,K14)) | P14: =IF(C14="","",IF(N14="Não","Fora de uso",IF(L14="","Sem calibração",IF(AND(ISNUMBER($E$4),O14<$E$4),"Vencido",IF(AND(ISNUMBER($E$4),O14-$E$4<MIN(30,(O14-L14)/4)),"Vence em breve","Em dia"))))) | Q14: =IF(OR(H14="",I14=""),"",IF(I14<=H14/10+0.000000001,"Adequado","Resolução grossa")) | R14: =IF(C14="","",IF(F14="","Falta o que mede",IF(J14="","Falta o tipo de controle",IF(K14="","Falta o intervalo",IF(M14="","Falta o erro máximo admissível",IF(P14="Fora de uso","Fora de uso",IF(P14="Vencido","Vencido: bloquear ou calibrar",IF(P14="Sem calibração","Sem calibração ou verificação",IF(Q14="Resolução grossa","Resolução grossa para a tolerância","OK")))))))))
B15: 8 | O15: =IF(OR(L15="",K15=""),"",EDATE(L15,K15)) | P15: =IF(C15="","",IF(N15="Não","Fora de uso",IF(L15="","Sem calibração",IF(AND(ISNUMBER($E$4),O15<$E$4),"Vencido",IF(AND(ISNUMBER($E$4),O15-$E$4<MIN(30,(O15-L15)/4)),"Vence em breve","Em dia"))))) | Q15: =IF(OR(H15="",I15=""),"",IF(I15<=H15/10+0.000000001,"Adequado","Resolução grossa")) | R15: =IF(C15="","",IF(F15="","Falta o que mede",IF(J15="","Falta o tipo de controle",IF(K15="","Falta o intervalo",IF(M15="","Falta o erro máximo admissível",IF(P15="Fora de uso","Fora de uso",IF(P15="Vencido","Vencido: bloquear ou calibrar",IF(P15="Sem calibração","Sem calibração ou verificação",IF(Q15="Resolução grossa","Resolução grossa para a tolerância","OK")))))))))
B16: 9 | O16: =IF(OR(L16="",K16=""),"",EDATE(L16,K16)) | P16: =IF(C16="","",IF(N16="Não","Fora de uso",IF(L16="","Sem calibração",IF(AND(ISNUMBER($E$4),O16<$E$4),"Vencido",IF(AND(ISNUMBER($E$4),O16-$E$4<MIN(30,(O16-L16)/4)),"Vence em breve","Em dia"))))) | Q16: =IF(OR(H16="",I16=""),"",IF(I16<=H16/10+0.000000001,"Adequado","Resolução grossa")) | R16: =IF(C16="","",IF(F16="","Falta o que mede",IF(J16="","Falta o tipo de controle",IF(K16="","Falta o intervalo",IF(M16="","Falta o erro máximo admissível",IF(P16="Fora de uso","Fora de uso",IF(P16="Vencido","Vencido: bloquear ou calibrar",IF(P16="Sem calibração","Sem calibração ou verificação",IF(Q16="Resolução grossa","Resolução grossa para a tolerância","OK")))))))))
B17: 10 | O17: =IF(OR(L17="",K17=""),"",EDATE(L17,K17)) | P17: =IF(C17="","",IF(N17="Não","Fora de uso",IF(L17="","Sem calibração",IF(AND(ISNUMBER($E$4),O17<$E$4),"Vencido",IF(AND(ISNUMBER($E$4),O17-$E$4<MIN(30,(O17-L17)/4)),"Vence em breve","Em dia"))))) | Q17: =IF(OR(H17="",I17=""),"",IF(I17<=H17/10+0.000000001,"Adequado","Resolução grossa")) | R17: =IF(C17="","",IF(F17="","Falta o que mede",IF(J17="","Falta o tipo de controle",IF(K17="","Falta o intervalo",IF(M17="","Falta o erro máximo admissível",IF(P17="Fora de uso","Fora de uso",IF(P17="Vencido","Vencido: bloquear ou calibrar",IF(P17="Sem calibração","Sem calibração ou verificação",IF(Q17="Resolução grossa","Resolução grossa para a tolerância","OK")))))))))
B18: 11 | O18: =IF(OR(L18="",K18=""),"",EDATE(L18,K18)) | P18: =IF(C18="","",IF(N18="Não","Fora de uso",IF(L18="","Sem calibração",IF(AND(ISNUMBER($E$4),O18<$E$4),"Vencido",IF(AND(ISNUMBER($E$4),O18-$E$4<MIN(30,(O18-L18)/4)),"Vence em breve","Em dia"))))) | Q18: =IF(OR(H18="",I18=""),"",IF(I18<=H18/10+0.000000001,"Adequado","Resolução grossa")) | R18: =IF(C18="","",IF(F18="","Falta o que mede",IF(J18="","Falta o tipo de controle",IF(K18="","Falta o intervalo",IF(M18="","Falta o erro máximo admissível",IF(P18="Fora de uso","Fora de uso",IF(P18="Vencido","Vencido: bloquear ou calibrar",IF(P18="Sem calibração","Sem calibração ou verificação",IF(Q18="Resolução grossa","Resolução grossa para a tolerância","OK")))))))))
B19: 12 | O19: =IF(OR(L19="",K19=""),"",EDATE(L19,K19)) | P19: =IF(C19="","",IF(N19="Não","Fora de uso",IF(L19="","Sem calibração",IF(AND(ISNUMBER($E$4),O19<$E$4),"Vencido",IF(AND(ISNUMBER($E$4),O19-$E$4<MIN(30,(O19-L19)/4)),"Vence em breve","Em dia"))))) | Q19: =IF(OR(H19="",I19=""),"",IF(I19<=H19/10+0.000000001,"Adequado","Resolução grossa")) | R19: =IF(C19="","",IF(F19="","Falta o que mede",IF(J19="","Falta o tipo de controle",IF(K19="","Falta o intervalo",IF(M19="","Falta o erro máximo admissível",IF(P19="Fora de uso","Fora de uso",IF(P19="Vencido","Vencido: bloquear ou calibrar",IF(P19="Sem calibração","Sem calibração ou verificação",IF(Q19="Resolução grossa","Resolução grossa para a tolerância","OK")))))))))
... B47: 40 | O47: =IF(OR(L47="",K47=""),"",EDATE(L47,K47)) | P47: =IF(C47="","",IF(N47="Não","Fora de uso",IF(L47="","Sem calibração",IF(AND(ISNUMBER($E$4),O47<$E$4),"Vencido",IF(AND(ISNUMBER($E$4),O47-$E$4<MIN(30,(O47-L47)/4)),"Vence em breve","Em dia"))))) | Q47: =IF(OR(H47="",I47=""),"",IF(I47<=H47/10+0.000000001,"Adequado","Resolução grossa")) | R47: =IF(C47="","",IF(F47="","Falta o que mede",IF(J47="","Falta o tipo de controle",IF(K47="","Falta o intervalo",IF(M47="","Falta o erro máximo admissível",IF(P47="Fora de uso","Fora de uso",IF(P47="Vencido","Vencido: bloquear ou calibrar",IF(P47="Sem calibração","Sem calibração ou verificação",IF(Q47="Resolução grossa","Resolução grossa para a tolerância","OK")))))))))
B49: Resumo automático
B50: Instrumentos cadastrados | E50: =COUNTA(C8:C47) -> 0
B51: Por situação | E51: =COUNTIF(P8:P47,"Em dia")&" em dia"&", "&COUNTIF(P8:P47,"Vence em breve")&" vence em breve"&", "&COUNTIF(P8:P47,"Vencido")&" vencido"&", "&COUNTIF(P8:P47,"Sem calibração")&" sem calibração"&", "&COUNTIF(P8:P47,"Fora de uso")&" fora de uso" -> 0 em dia, 0 vence em breve, 0 vencido, 0 sem calibração, 0 fora de uso
B52: Resolução grossa | E52: =COUNTIF(Q8:Q47,"Resolução grossa") -> 0
B53: Aviso | E53: =IF(E50=0,"Cadastre os instrumentos",IF(E4="","Informe a data da leitura",IF(COUNTIF(P8:P47,"Vencido")>0,"Há instrumento vencido: bloquear até calibrar",IF(COUNTIF(P8:P47,"Sem calibração")>0,"Há instrumento sem calibração ou verificação",IF(COUNTIF(Q8:Q47,"Resolução grossa")>0,"Há instrumento com resolução grossa para a tolerância",IF(COUNTIF(P8:P47,"Vence em breve")>0,"Há instrumento que vence em breve: programe",IF(SUMPRODUCT((R8:R47<>"")*(R8:R47<>"OK")*(R8:R47<>"Fora de uso"))>0,"Há instrumento a completar: veja a coluna Conferência","OK"))))))) -> Cadastre os instrumentos

Sheet Calibrações
B1: Calibrações e verificações
B2: Um certificado ou uma verificação por linha. O resultado vem do critério do instrumento.
B4: # | C4: Data | D4: Código | E4: Instrumento | F4: Tipo | G4: Registro ou certificado | H4: Ponto medido | I4: Erro | J4: Incerteza | K4: Critério (±) | L4: Resultado | M4: Ação, se reprovado | N4: Avaliação dos resultados anteriores | O4: Conferência
C5: Data | D5: Lista | E5: Vem do cadastro | F5: Lista | G5: Número do documento | H5: Valor de referência | I5: Com sinal | J5: Número | K5: Vem do cadastro | L5: Calculado | M5: Ajuste, reparo, troca | N5: O que ele mediu desde a última boa | O5: Calculada
B6: Ex. | C6: 46451 | D6: TER-01 | E6: Termômetro de espeto | F6: Verificação | G6: Planilha FR-07 | H6: Água com gelo, 0 °C | I6: 0.3 | J6: 0.2 | K6: 1 | L6: Aprovado | O6: OK
B7: 1 | E7: =IF(D7="","",IFERROR(INDEX(Instrumentos!$D$8:$D$47,MATCH(D7,Instrumentos!$C$8:$C$47,0))&"","")) | K7: =IF(D7="","",IFERROR(IF(ISNUMBER(INDEX(Instrumentos!$M$8:$M$47,MATCH(D7,Instrumentos!$C$8:$C$47,0))),INDEX(Instrumentos!$M$8:$M$47,MATCH(D7,Instrumentos!$C$8:$C$47,0)),""),"")) | L7: =IF(OR(D7="",I7="",K7=""),"",IF(ABS(I7)+N(J7)<=K7+0.000000001,"Aprovado","Reprovado")) | O7: =IF(D7="",IF(COUNTA(C7,F7:J7,M7:N7)>0,"Falta o instrumento",""),IF(ISNA(MATCH(D7,Instrumentos!$C$8:$C$47,0)),"Instrumento não cadastrado",IF(K7="","Falta o critério no cadastro",IF(G7="","Falta o registro",IF(I7="","Falta o erro encontrado",IF(AND(L7="Reprovado",M7=""),"Falta a ação",IF(AND(L7="Reprovado",N7=""),"Falta avaliar os resultados anteriores","OK")))))))
B8: 2 | E8: =IF(D8="","",IFERROR(INDEX(Instrumentos!$D$8:$D$47,MATCH(D8,Instrumentos!$C$8:$C$47,0))&"","")) | K8: =IF(D8="","",IFERROR(IF(ISNUMBER(INDEX(Instrumentos!$M$8:$M$47,MATCH(D8,Instrumentos!$C$8:$C$47,0))),INDEX(Instrumentos!$M$8:$M$47,MATCH(D8,Instrumentos!$C$8:$C$47,0)),""),"")) | L8: =IF(OR(D8="",I8="",K8=""),"",IF(ABS(I8)+N(J8)<=K8+0.000000001,"Aprovado","Reprovado")) | O8: =IF(D8="",IF(COUNTA(C8,F8:J8,M8:N8)>0,"Falta o instrumento",""),IF(ISNA(MATCH(D8,Instrumentos!$C$8:$C$47,0)),"Instrumento não cadastrado",IF(K8="","Falta o critério no cadastro",IF(G8="","Falta o registro",IF(I8="","Falta o erro encontrado",IF(AND(L8="Reprovado",M8=""),"Falta a ação",IF(AND(L8="Reprovado",N8=""),"Falta avaliar os resultados anteriores","OK")))))))
B9: 3 | E9: =IF(D9="","",IFERROR(INDEX(Instrumentos!$D$8:$D$47,MATCH(D9,Instrumentos!$C$8:$C$47,0))&"","")) | K9: =IF(D9="","",IFERROR(IF(ISNUMBER(INDEX(Instrumentos!$M$8:$M$47,MATCH(D9,Instrumentos!$C$8:$C$47,0))),INDEX(Instrumentos!$M$8:$M$47,MATCH(D9,Instrumentos!$C$8:$C$47,0)),""),"")) | L9: =IF(OR(D9="",I9="",K9=""),"",IF(ABS(I9)+N(J9)<=K9+0.000000001,"Aprovado","Reprovado")) | O9: =IF(D9="",IF(COUNTA(C9,F9:J9,M9:N9)>0,"Falta o instrumento",""),IF(ISNA(MATCH(D9,Instrumentos!$C$8:$C$47,0)),"Instrumento não cadastrado",IF(K9="","Falta o critério no cadastro",IF(G9="","Falta o registro",IF(I9="","Falta o erro encontrado",IF(AND(L9="Reprovado",M9=""),"Falta a ação",IF(AND(L9="Reprovado",N9=""),"Falta avaliar os resultados anteriores","OK")))))))
B10: 4 | E10: =IF(D10="","",IFERROR(INDEX(Instrumentos!$D$8:$D$47,MATCH(D10,Instrumentos!$C$8:$C$47,0))&"","")) | K10: =IF(D10="","",IFERROR(IF(ISNUMBER(INDEX(Instrumentos!$M$8:$M$47,MATCH(D10,Instrumentos!$C$8:$C$47,0))),INDEX(Instrumentos!$M$8:$M$47,MATCH(D10,Instrumentos!$C$8:$C$47,0)),""),"")) | L10: =IF(OR(D10="",I10="",K10=""),"",IF(ABS(I10)+N(J10)<=K10+0.000000001,"Aprovado","Reprovado")) | O10: =IF(D10="",IF(COUNTA(C10,F10:J10,M10:N10)>0,"Falta o instrumento",""),IF(ISNA(MATCH(D10,Instrumentos!$C$8:$C$47,0)),"Instrumento não cadastrado",IF(K10="","Falta o critério no cadastro",IF(G10="","Falta o registro",IF(I10="","Falta o erro encontrado",IF(AND(L10="Reprovado",M10=""),"Falta a ação",IF(AND(L10="Reprovado",N10=""),"Falta avaliar os resultados anteriores","OK")))))))
B11: 5 | E11: =IF(D11="","",IFERROR(INDEX(Instrumentos!$D$8:$D$47,MATCH(D11,Instrumentos!$C$8:$C$47,0))&"","")) | K11: =IF(D11="","",IFERROR(IF(ISNUMBER(INDEX(Instrumentos!$M$8:$M$47,MATCH(D11,Instrumentos!$C$8:$C$47,0))),INDEX(Instrumentos!$M$8:$M$47,MATCH(D11,Instrumentos!$C$8:$C$47,0)),""),"")) | L11: =IF(OR(D11="",I11="",K11=""),"",IF(ABS(I11)+N(J11)<=K11+0.000000001,"Aprovado","Reprovado")) | O11: =IF(D11="",IF(COUNTA(C11,F11:J11,M11:N11)>0,"Falta o instrumento",""),IF(ISNA(MATCH(D11,Instrumentos!$C$8:$C$47,0)),"Instrumento não cadastrado",IF(K11="","Falta o critério no cadastro",IF(G11="","Falta o registro",IF(I11="","Falta o erro encontrado",IF(AND(L11="Reprovado",M11=""),"Falta a ação",IF(AND(L11="Reprovado",N11=""),"Falta avaliar os resultados anteriores","OK")))))))
B12: 6 | E12: =IF(D12="","",IFERROR(INDEX(Instrumentos!$D$8:$D$47,MATCH(D12,Instrumentos!$C$8:$C$47,0))&"","")) | K12: =IF(D12="","",IFERROR(IF(ISNUMBER(INDEX(Instrumentos!$M$8:$M$47,MATCH(D12,Instrumentos!$C$8:$C$47,0))),INDEX(Instrumentos!$M$8:$M$47,MATCH(D12,Instrumentos!$C$8:$C$47,0)),""),"")) | L12: =IF(OR(D12="",I12="",K12=""),"",IF(ABS(I12)+N(J12)<=K12+0.000000001,"Aprovado","Reprovado")) | O12: =IF(D12="",IF(COUNTA(C12,F12:J12,M12:N12)>0,"Falta o instrumento",""),IF(ISNA(MATCH(D12,Instrumentos!$C$8:$C$47,0)),"Instrumento não cadastrado",IF(K12="","Falta o critério no cadastro",IF(G12="","Falta o registro",IF(I12="","Falta o erro encontrado",IF(AND(L12="Reprovado",M12=""),"Falta a ação",IF(AND(L12="Reprovado",N12=""),"Falta avaliar os resultados anteriores","OK")))))))
B13: 7 | E13: =IF(D13="","",IFERROR(INDEX(Instrumentos!$D$8:$D$47,MATCH(D13,Instrumentos!$C$8:$C$47,0))&"","")) | K13: =IF(D13="","",IFERROR(IF(ISNUMBER(INDEX(Instrumentos!$M$8:$M$47,MATCH(D13,Instrumentos!$C$8:$C$47,0))),INDEX(Instrumentos!$M$8:$M$47,MATCH(D13,Instrumentos!$C$8:$C$47,0)),""),"")) | L13: =IF(OR(D13="",I13="",K13=""),"",IF(ABS(I13)+N(J13)<=K13+0.000000001,"Aprovado","Reprovado")) | O13: =IF(D13="",IF(COUNTA(C13,F13:J13,M13:N13)>0,"Falta o instrumento",""),IF(ISNA(MATCH(D13,Instrumentos!$C$8:$C$47,0)),"Instrumento não cadastrado",IF(K13="","Falta o critério no cadastro",IF(G13="","Falta o registro",IF(I13="","Falta o erro encontrado",IF(AND(L13="Reprovado",M13=""),"Falta a ação",IF(AND(L13="Reprovado",N13=""),"Falta avaliar os resultados anteriores","OK")))))))
B14: 8 | E14: =IF(D14="","",IFERROR(INDEX(Instrumentos!$D$8:$D$47,MATCH(D14,Instrumentos!$C$8:$C$47,0))&"","")) | K14: =IF(D14="","",IFERROR(IF(ISNUMBER(INDEX(Instrumentos!$M$8:$M$47,MATCH(D14,Instrumentos!$C$8:$C$47,0))),INDEX(Instrumentos!$M$8:$M$47,MATCH(D14,Instrumentos!$C$8:$C$47,0)),""),"")) | L14: =IF(OR(D14="",I14="",K14=""),"",IF(ABS(I14)+N(J14)<=K14+0.000000001,"Aprovado","Reprovado")) | O14: =IF(D14="",IF(COUNTA(C14,F14:J14,M14:N14)>0,"Falta o instrumento",""),IF(ISNA(MATCH(D14,Instrumentos!$C$8:$C$47,0)),"Instrumento não cadastrado",IF(K14="","Falta o critério no cadastro",IF(G14="","Falta o registro",IF(I14="","Falta o erro encontrado",IF(AND(L14="Reprovado",M14=""),"Falta a ação",IF(AND(L14="Reprovado",N14=""),"Falta avaliar os resultados anteriores","OK")))))))
B15: 9 | E15: =IF(D15="","",IFERROR(INDEX(Instrumentos!$D$8:$D$47,MATCH(D15,Instrumentos!$C$8:$C$47,0))&"","")) | K15: =IF(D15="","",IFERROR(IF(ISNUMBER(INDEX(Instrumentos!$M$8:$M$47,MATCH(D15,Instrumentos!$C$8:$C$47,0))),INDEX(Instrumentos!$M$8:$M$47,MATCH(D15,Instrumentos!$C$8:$C$47,0)),""),"")) | L15: =IF(OR(D15="",I15="",K15=""),"",IF(ABS(I15)+N(J15)<=K15+0.000000001,"Aprovado","Reprovado")) | O15: =IF(D15="",IF(COUNTA(C15,F15:J15,M15:N15)>0,"Falta o instrumento",""),IF(ISNA(MATCH(D15,Instrumentos!$C$8:$C$47,0)),"Instrumento não cadastrado",IF(K15="","Falta o critério no cadastro",IF(G15="","Falta o registro",IF(I15="","Falta o erro encontrado",IF(AND(L15="Reprovado",M15=""),"Falta a ação",IF(AND(L15="Reprovado",N15=""),"Falta avaliar os resultados anteriores","OK")))))))
B16: 10 | E16: =IF(D16="","",IFERROR(INDEX(Instrumentos!$D$8:$D$47,MATCH(D16,Instrumentos!$C$8:$C$47,0))&"","")) | K16: =IF(D16="","",IFERROR(IF(ISNUMBER(INDEX(Instrumentos!$M$8:$M$47,MATCH(D16,Instrumentos!$C$8:$C$47,0))),INDEX(Instrumentos!$M$8:$M$47,MATCH(D16,Instrumentos!$C$8:$C$47,0)),""),"")) | L16: =IF(OR(D16="",I16="",K16=""),"",IF(ABS(I16)+N(J16)<=K16+0.000000001,"Aprovado","Reprovado")) | O16: =IF(D16="",IF(COUNTA(C16,F16:J16,M16:N16)>0,"Falta o instrumento",""),IF(ISNA(MATCH(D16,Instrumentos!$C$8:$C$47,0)),"Instrumento não cadastrado",IF(K16="","Falta o critério no cadastro",IF(G16="","Falta o registro",IF(I16="","Falta o erro encontrado",IF(AND(L16="Reprovado",M16=""),"Falta a ação",IF(AND(L16="Reprovado",N16=""),"Falta avaliar os resultados anteriores","OK")))))))
B17: 11 | E17: =IF(D17="","",IFERROR(INDEX(Instrumentos!$D$8:$D$47,MATCH(D17,Instrumentos!$C$8:$C$47,0))&"","")) | K17: =IF(D17="","",IFERROR(IF(ISNUMBER(INDEX(Instrumentos!$M$8:$M$47,MATCH(D17,Instrumentos!$C$8:$C$47,0))),INDEX(Instrumentos!$M$8:$M$47,MATCH(D17,Instrumentos!$C$8:$C$47,0)),""),"")) | L17: =IF(OR(D17="",I17="",K17=""),"",IF(ABS(I17)+N(J17)<=K17+0.000000001,"Aprovado","Reprovado")) | O17: =IF(D17="",IF(COUNTA(C17,F17:J17,M17:N17)>0,"Falta o instrumento",""),IF(ISNA(MATCH(D17,Instrumentos!$C$8:$C$47,0)),"Instrumento não cadastrado",IF(K17="","Falta o critério no cadastro",IF(G17="","Falta o registro",IF(I17="","Falta o erro encontrado",IF(AND(L17="Reprovado",M17=""),"Falta a ação",IF(AND(L17="Reprovado",N17=""),"Falta avaliar os resultados anteriores","OK")))))))
B18: 12 | E18: =IF(D18="","",IFERROR(INDEX(Instrumentos!$D$8:$D$47,MATCH(D18,Instrumentos!$C$8:$C$47,0))&"","")) | K18: =IF(D18="","",IFERROR(IF(ISNUMBER(INDEX(Instrumentos!$M$8:$M$47,MATCH(D18,Instrumentos!$C$8:$C$47,0))),INDEX(Instrumentos!$M$8:$M$47,MATCH(D18,Instrumentos!$C$8:$C$47,0)),""),"")) | L18: =IF(OR(D18="",I18="",K18=""),"",IF(ABS(I18)+N(J18)<=K18+0.000000001,"Aprovado","Reprovado")) | O18: =IF(D18="",IF(COUNTA(C18,F18:J18,M18:N18)>0,"Falta o instrumento",""),IF(ISNA(MATCH(D18,Instrumentos!$C$8:$C$47,0)),"Instrumento não cadastrado",IF(K18="","Falta o critério no cadastro",IF(G18="","Falta o registro",IF(I18="","Falta o erro encontrado",IF(AND(L18="Reprovado",M18=""),"Falta a ação",IF(AND(L18="Reprovado",N18=""),"Falta avaliar os resultados anteriores","OK")))))))
... B86: 80 | E86: =IF(D86="","",IFERROR(INDEX(Instrumentos!$D$8:$D$47,MATCH(D86,Instrumentos!$C$8:$C$47,0))&"","")) | K86: =IF(D86="","",IFERROR(IF(ISNUMBER(INDEX(Instrumentos!$M$8:$M$47,MATCH(D86,Instrumentos!$C$8:$C$47,0))),INDEX(Instrumentos!$M$8:$M$47,MATCH(D86,Instrumentos!$C$8:$C$47,0)),""),"")) | L86: =IF(OR(D86="",I86="",K86=""),"",IF(ABS(I86)+N(J86)<=K86+0.000000001,"Aprovado","Reprovado")) | O86: =IF(D86="",IF(COUNTA(C86,F86:J86,M86:N86)>0,"Falta o instrumento",""),IF(ISNA(MATCH(D86,Instrumentos!$C$8:$C$47,0)),"Instrumento não cadastrado",IF(K86="","Falta o critério no cadastro",IF(G86="","Falta o registro",IF(I86="","Falta o erro encontrado",IF(AND(L86="Reprovado",M86=""),"Falta a ação",IF(AND(L86="Reprovado",N86=""),"Falta avaliar os resultados anteriores","OK")))))))
B88: Resumo automático
B89: Registros | E89: =COUNTA(D7:D86) -> 0
B90: Aprovados e reprovados | E90: =COUNTIF(L7:L86,"Aprovado")&" aprovados, "&COUNTIF(L7:L86,"Reprovado")&" reprovados" -> 0 aprovados, 0 reprovados
B91: Aviso | E91: =IF(E89=0,"Lance as calibrações e as verificações",IF(COUNTIF(O7:O86,"Falta avaliar os resultados anteriores")>0,"Há reprovado sem a avaliação dos resultados anteriores",IF(SUMPRODUCT((O7:O86<>"")*(O7:O86<>"OK"))>0,"Há registro a completar: veja a coluna Conferência","OK"))) -> Lance as calibrações e as verificações

Sheet Painel
B1: Painel dos instrumentos
B2: Nada a preencher: tudo vem das outras abas.
B3: Data da leitura | C3: =IF(Instrumentos!E4="","",Instrumentos!E4)
B5: Indicador | C5: Resultado | D5: Como se lê
B6: Instrumentos cadastrados | C6: =COUNTA(Instrumentos!C8:C47) -> 0 | D6: Da aba Instrumentos.
B7: Em dia | C7: =COUNTIF(Instrumentos!P8:P47,"Em dia") -> 0 | D7: Faltam tantos dias quanto o aviso, ou mais: um quarto do intervalo, no máximo 30 dias.
B8: Vence em breve | C8: =COUNTIF(Instrumentos!P8:P47,"Vence em breve") -> 0 | D8: Programar a calibração ou a verificação.
B9: Vencido | C9: =COUNTIF(Instrumentos!P8:P47,"Vencido") -> 0 | D9: Bloquear até calibrar.
B10: Sem calibração | C10: =COUNTIF(Instrumentos!P8:P47,"Sem calibração") -> 0 | D10: Verificar antes de usar de novo.
B11: Fora de uso | C11: =COUNTIF(Instrumentos!P8:P47,"Fora de uso") -> 0 | D11: Retirados do posto.
B12: Resolução grossa | C12: =COUNTIF(Instrumentos!Q8:Q47,"Resolução grossa") -> 0 | D12: A resolução não cabe 10 vezes na tolerância.
B13: Registros de calibração e verificação | C13: =COUNTA(Calibrações!D7:D86) -> 0 | D13: Da aba Calibrações.
B14: Reprovados | C14: =COUNTIF(Calibrações!L7:L86,"Reprovado") -> 0 | D14: Erro mais incerteza fora do critério.
B15: Reprovados sem avaliação | C15: =COUNTIF(Calibrações!O7:O86,"Falta avaliar os resultados anteriores") -> 0 | D15: O que o instrumento mediu antes não foi revisto.
B16: Registros a completar | C16: =SUMPRODUCT((Calibrações!O7:O86<>"")*(Calibrações!O7:O86<>"OK")) -> 0 | D16: Veja a coluna Conferência da aba Calibrações.
B18: Resumo automático
B19: Aviso | C19: =IF(C6=0,"Cadastre os instrumentos na aba Instrumentos",IF(C3="","Informe a data da leitura na aba Instrumentos",IF(C15>0,"Há reprovado sem a avaliação dos resultados anteriores",IF(C9>0,"Há instrumento vencido: bloquear até calibrar",IF(C10>0,"Há instrumento sem calibração ou verificação",IF(C12>0,"Há instrumento com resolução grossa para a tolerância",IF(C8>0,"Há instrumento que vence em breve: programe",IF(C16>0,"Há registro a completar","OK")))))))) -> Cadastre os instrumentos na aba Instrumentos
B21: Em dia | C21: =COUNTIF(Instrumentos!P8:P47,B21) -> 0
B22: Vence em breve | C22: =COUNTIF(Instrumentos!P8:P47,B22) -> 0
B23: Vencido | C23: =COUNTIF(Instrumentos!P8:P47,B23) -> 0
B24: Sem calibração | C24: =COUNTIF(Instrumentos!P8:P47,B24) -> 0
B25: Fora de uso | C25: =COUNTIF(Instrumentos!P8:P47,B25) -> 0

Sheet Checklist
B1: Checklist da calibração e dos recursos de medição
B2: Escolha o status de cada item na lista suspensa (coluna em amarelo-claro).
B4: # | C4: Item de verificação | D4: Status | E4: Observações
B5: 1 | C5: Os instrumentos que verificam a conformidade do produto estão listados, com código e local.
B6: 2 | C6: Cada instrumento é adequado ao que mede: faixa, resolução e método.
B7: 3 | C7: Para cada instrumento está definido se é calibrado, verificado ou os dois, e com que intervalo.
B8: 4 | C8: A calibração é rastreável a padrões nacionais ou internacionais, feita por laboratório competente.
B9: 5 | C9: Quando não há padrão, o método de verificação está registrado.
B10: 6 | C10: Cada instrumento tem o critério de aceitação: o erro máximo admissível.
B11: 7 | C11: O certificado é lido: o erro e a incerteza são comparados com o critério, e o resultado é registrado.
B12: 8 | C12: Cada instrumento está identificado com a situação: em dia, vencido, fora de uso.
B13: 9 | C13: Os instrumentos são protegidos de ajustes, quedas e danos que invalidem a calibração.
B14: 10 | C14: Instrumento vencido ou reprovado é bloqueado até a nova calibração.
B15: 11 | C15: Quando um instrumento é reprovado, os resultados anteriores são avaliados, e o que foi afetado é tratado.
B16: 12 | C16: Os registros de calibração e de verificação estão guardados.
B18: Resumo automático
B19: Itens atendidos (Sim) | D19: =COUNTIF(D5:D16,"Sim") -> 0
B20: Itens parciais | D20: =COUNTIF(D5:D16,"Parcial") -> 0
B21: Itens não atendidos | D21: =COUNTIF(D5:D16,"Não") -> 0
B22: Itens sem resposta | D22: =COUNTBLANK(D5:D16) -> 12
B23: Percentual atendido | D23: =D19/ROWS(D5:D16) -> 0
B24: Situação | D24: =IF(D19=ROWS(D5:D16),"Validado",IF(D22>0,"Em andamento","Com pendências")) -> Em andamento

Sheet Exemplo 1 - Pizzaria
B1: Calibração e recursos de medição
B2: Exemplo preenchido, para consulta. Use as abas Instrumentos e Calibrações para a sua organização.
B4: Organização | D4: Pizzaria (loja com salão e delivery)
B5: Responsável | D5: Pizzaiolo líder, com o gerente da loja
B6: Padrões próprios | D6: Termômetro de espeto TER-01, verificado em água com gelo, e peso-padrão de 500 g, calibrado por laboratório externo.
B7: Origem | D7: Requisito 7.1.5 atendido em parte no diagnóstico de 2026: a balança era verificada todo mês, e o termômetro da câmara fria, nunca.
B8: Data da leitura | D8: 46477
B10: Instrumentos
B11: Código | C11: Instrumento | D11: Local | E11: O que mede | F11: Unid. | G11: Tolerância | H11: Resolução | I11: Controle | J11: Meses | K11: Última | L11: Erro máx. | M11: Em uso | N11: Próxima | O11: Situação | P11: Adequação | Q11: Conferência
B12: TER-01 | C12: Termômetro de espeto | D12: Expedição | E12: Temperatura da pizza na saída: no mínimo 65 °C | F12: °C | G12: 5 | H12: 0.1 | I12: Verificação interna | J12: 1 | K12: 46451 | L12: 1 | M12: Sim | N12: =IF(OR(K12="",J12=""),"",EDATE(K12,J12)) -> 46482 | O12: =IF(B12="","",IF(M12="Não","Fora de uso",IF(K12="","Sem calibração",IF(AND(ISNUMBER($D$8),N12<$D$8),"Vencido",IF(AND(ISNUMBER($D$8),N12-$D$8<MIN(30,(N12-K12)/4)),"Vence em breve","Em dia"))))) -> Vence em breve | P12: =IF(OR(G12="",H12=""),"",IF(H12<=G12/10+0.000000001,"Adequado","Resolução grossa")) -> Adequado | Q12: =IF(B12="","",IF(E12="","Falta o que mede",IF(I12="","Falta o tipo de controle",IF(J12="","Falta o intervalo",IF(L12="","Falta o erro máximo admissível",IF(O12="Fora de uso","Fora de uso",IF(O12="Vencido","Vencido: bloquear ou calibrar",IF(O12="Sem calibração","Sem calibração ou verificação",IF(P12="Resolução grossa","Resolução grossa para a tolerância","OK"))))))))) -> OK
B13: TER-02 | C13: Termômetro de visor da câmara fria | D13: Câmara fria | E13: Temperatura da câmara: 0 a 5 °C | F13: °C | G13: 5 | H13: 0.1 | I13: Verificação interna | J13: 3 | K13: 46461 | L13: 1 | M13: Não | N13: =IF(OR(K13="",J13=""),"",EDATE(K13,J13)) -> 46553 | O13: =IF(B13="","",IF(M13="Não","Fora de uso",IF(K13="","Sem calibração",IF(AND(ISNUMBER($D$8),N13<$D$8),"Vencido",IF(AND(ISNUMBER($D$8),N13-$D$8<MIN(30,(N13-K13)/4)),"Vence em breve","Em dia"))))) -> Fora de uso | P13: =IF(OR(G13="",H13=""),"",IF(H13<=G13/10+0.000000001,"Adequado","Resolução grossa")) -> Adequado | Q13: =IF(B13="","",IF(E13="","Falta o que mede",IF(I13="","Falta o tipo de controle",IF(J13="","Falta o intervalo",IF(L13="","Falta o erro máximo admissível",IF(O13="Fora de uso","Fora de uso",IF(O13="Vencido","Vencido: bloquear ou calibrar",IF(O13="Sem calibração","Sem calibração ou verificação",IF(P13="Resolução grossa","Resolução grossa para a tolerância","OK"))))))))) -> Fora de uso
B14: TER-03 | C14: Termômetro do forno | D14: Forno | E14: Temperatura do forno: 280 a 320 °C | F14: °C | G14: 40 | H14: 1 | I14: Calibração externa | J14: 12 | K14: 46188 | L14: 5 | M14: Sim | N14: =IF(OR(K14="",J14=""),"",EDATE(K14,J14)) -> 46553 | O14: =IF(B14="","",IF(M14="Não","Fora de uso",IF(K14="","Sem calibração",IF(AND(ISNUMBER($D$8),N14<$D$8),"Vencido",IF(AND(ISNUMBER($D$8),N14-$D$8<MIN(30,(N14-K14)/4)),"Vence em breve","Em dia"))))) -> Em dia | P14: =IF(OR(G14="",H14=""),"",IF(H14<=G14/10+0.000000001,"Adequado","Resolução grossa")) -> Adequado | Q14: =IF(B14="","",IF(E14="","Falta o que mede",IF(I14="","Falta o tipo de controle",IF(J14="","Falta o intervalo",IF(L14="","Falta o erro máximo admissível",IF(O14="Fora de uso","Fora de uso",IF(O14="Vencido","Vencido: bloquear ou calibrar",IF(O14="Sem calibração","Sem calibração ou verificação",IF(P14="Resolução grossa","Resolução grossa para a tolerância","OK"))))))))) -> OK
B15: TER-04 | C15: Termômetro de espeto do recebimento | D15: Recebimento | E15: Temperatura dos insumos refrigerados: até 7 °C | F15: °C | G15: 2 | H15: 0.1 | I15: Verificação interna | J15: 1 | L15: 1 | M15: Sim | N15: =IF(OR(K15="",J15=""),"",EDATE(K15,J15)) | O15: =IF(B15="","",IF(M15="Não","Fora de uso",IF(K15="","Sem calibração",IF(AND(ISNUMBER($D$8),N15<$D$8),"Vencido",IF(AND(ISNUMBER($D$8),N15-$D$8<MIN(30,(N15-K15)/4)),"Vence em breve","Em dia"))))) -> Sem calibração | P15: =IF(OR(G15="",H15=""),"",IF(H15<=G15/10+0.000000001,"Adequado","Resolução grossa")) -> Adequado | Q15: =IF(B15="","",IF(E15="","Falta o que mede",IF(I15="","Falta o tipo de controle",IF(J15="","Falta o intervalo",IF(L15="","Falta o erro máximo admissível",IF(O15="Fora de uso","Fora de uso",IF(O15="Vencido","Vencido: bloquear ou calibrar",IF(O15="Sem calibração","Sem calibração ou verificação",IF(P15="Resolução grossa","Resolução grossa para a tolerância","OK"))))))))) -> Sem calibração ou verificação
B16: TER-05 | C16: Termômetro de visor da câmara fria, novo | D16: Câmara fria | E16: Temperatura da câmara: 0 a 5 °C | F16: °C | G16: 5 | H16: 0.1 | I16: Verificação interna | J16: 3 | K16: 46461 | L16: 1 | M16: Sim | N16: =IF(OR(K16="",J16=""),"",EDATE(K16,J16)) -> 46553 | O16: =IF(B16="","",IF(M16="Não","Fora de uso",IF(K16="","Sem calibração",IF(AND(ISNUMBER($D$8),N16<$D$8),"Vencido",IF(AND(ISNUMBER($D$8),N16-$D$8<MIN(30,(N16-K16)/4)),"Vence em breve","Em dia"))))) -> Em dia | P16: =IF(OR(G16="",H16=""),"",IF(H16<=G16/10+0.000000001,"Adequado","Resolução grossa")) -> Adequado | Q16: =IF(B16="","",IF(E16="","Falta o que mede",IF(I16="","Falta o tipo de controle",IF(J16="","Falta o intervalo",IF(L16="","Falta o erro máximo admissível",IF(O16="Fora de uso","Fora de uso",IF(O16="Vencido","Vencido: bloquear ou calibrar",IF(O16="Sem calibração","Sem calibração ou verificação",IF(P16="Resolução grossa","Resolução grossa para a tolerância","OK"))))))))) -> OK
B17: BAL-01 | C17: Balança da bancada | D17: Produção | E17: Peso da bola de massa: 380 a 420 g | F17: g | G17: 40 | H17: 1 | I17: Verificação interna | J17: 1 | K17: 46447 | L17: 2 | M17: Sim | N17: =IF(OR(K17="",J17=""),"",EDATE(K17,J17)) -> 46478 | O17: =IF(B17="","",IF(M17="Não","Fora de uso",IF(K17="","Sem calibração",IF(AND(ISNUMBER($D$8),N17<$D$8),"Vencido",IF(AND(ISNUMBER($D$8),N17-$D$8<MIN(30,(N17-K17)/4)),"Vence em breve","Em dia"))))) -> Vence em breve | P17: =IF(OR(G17="",H17=""),"",IF(H17<=G17/10+0.000000001,"Adequado","Resolução grossa")) -> Adequado | Q17: =IF(B17="","",IF(E17="","Falta o que mede",IF(I17="","Falta o tipo de controle",IF(J17="","Falta o intervalo",IF(L17="","Falta o erro máximo admissível",IF(O17="Fora de uso","Fora de uso",IF(O17="Vencido","Vencido: bloquear ou calibrar",IF(O17="Sem calibração","Sem calibração ou verificação",IF(P17="Resolução grossa","Resolução grossa para a tolerância","OK"))))))))) -> OK
B18: BAL-02 | C18: Balança do recebimento | D18: Recebimento | E18: Peso dos insumos recebidos | F18: g | G18: 200 | H18: 5 | I18: Calibração externa | J18: 12 | K18: 46407 | L18: 10 | M18: Sim | N18: =IF(OR(K18="",J18=""),"",EDATE(K18,J18)) -> 46772 | O18: =IF(B18="","",IF(M18="Não","Fora de uso",IF(K18="","Sem calibração",IF(AND(ISNUMBER($D$8),N18<$D$8),"Vencido",IF(AND(ISNUMBER($D$8),N18-$D$8<MIN(30,(N18-K18)/4)),"Vence em breve","Em dia"))))) -> Em dia | P18: =IF(OR(G18="",H18=""),"",IF(H18<=G18/10+0.000000001,"Adequado","Resolução grossa")) -> Adequado | Q18: =IF(B18="","",IF(E18="","Falta o que mede",IF(I18="","Falta o tipo de controle",IF(J18="","Falta o intervalo",IF(L18="","Falta o erro máximo admissível",IF(O18="Fora de uso","Fora de uso",IF(O18="Vencido","Vencido: bloquear ou calibrar",IF(O18="Sem calibração","Sem calibração ou verificação",IF(P18="Resolução grossa","Resolução grossa para a tolerância","OK"))))))))) -> OK
B20: Calibrações e verificações
B21: Data | C21: Código · instrumento | D21: Tipo | E21: Registro · ponto | G21: Erro | H21: Incerteza | I21: Critério (±) | J21: Resultado | L21: Ação | O21: Resultados anteriores | Q21: Conferência
B22: 46188 | C22: TER-03 · Termômetro do forno | D22: Calibração | E22: Certificado 1442/26, laboratório acreditado · 300 °C | G22: -3 | H22: 1.5 | I22: =IFERROR(INDEX($L$12:$L$18,MATCH(LEFT(C22,FIND(" ·",C22)-1),$B$12:$B$18,0)),"") -> 5 | J22: =IF(OR(C22="",G22="",I22=""),"",IF(ABS(G22)+N(H22)<=I22+0.000000001,"Aprovado","Reprovado")) -> Aprovado | Q22: =IF(LEFT(C22,FIND(" ·",C22)-1)="",IF(1>0,"Falta o instrumento",""),IF(ISNA(MATCH(LEFT(C22,FIND(" ·",C22)-1),$B$12:$B$18,0)),"Instrumento não cadastrado",IF(I22="","Falta o critério no cadastro",IF(E22="","Falta o registro",IF(G22="","Falta o erro encontrado",IF(AND(J22="Reprovado",L22=""),"Falta a ação",IF(AND(J22="Reprovado",O22=""),"Falta avaliar os resultados anteriores","OK"))))))) -> OK
B23: 46407 | C23: BAL-02 · Balança do recebimento | D23: Calibração | E23: Certificado 0187/27, laboratório acreditado · 10 kg | G23: 5 | H23: 3 | I23: =IFERROR(INDEX($L$12:$L$18,MATCH(LEFT(C23,FIND(" ·",C23)-1),$B$12:$B$18,0)),"") -> 10 | J23: =IF(OR(C23="",G23="",I23=""),"",IF(ABS(G23)+N(H23)<=I23+0.000000001,"Aprovado","Reprovado")) -> Aprovado | Q23: =IF(LEFT(C23,FIND(" ·",C23)-1)="",IF(1>0,"Falta o instrumento",""),IF(ISNA(MATCH(LEFT(C23,FIND(" ·",C23)-1),$B$12:$B$18,0)),"Instrumento não cadastrado",IF(I23="","Falta o critério no cadastro",IF(E23="","Falta o registro",IF(G23="","Falta o erro encontrado",IF(AND(J23="Reprovado",L23=""),"Falta a ação",IF(AND(J23="Reprovado",O23=""),"Falta avaliar os resultados anteriores","OK"))))))) -> OK
B24: 46447 | C24: BAL-01 · Balança da bancada | D24: Verificação | E24: Planilha de verificação FR-07 · Peso-padrão de 500 g | G24: 1 | H24: 0.5 | I24: =IFERROR(INDEX($L$12:$L$18,MATCH(LEFT(C24,FIND(" ·",C24)-1),$B$12:$B$18,0)),"") -> 2 | J24: =IF(OR(C24="",G24="",I24=""),"",IF(ABS(G24)+N(H24)<=I24+0.000000001,"Aprovado","Reprovado")) -> Aprovado | Q24: =IF(LEFT(C24,FIND(" ·",C24)-1)="",IF(1>0,"Falta o instrumento",""),IF(ISNA(MATCH(LEFT(C24,FIND(" ·",C24)-1),$B$12:$B$18,0)),"Instrumento não cadastrado",IF(I24="","Falta o critério no cadastro",IF(E24="","Falta o registro",IF(G24="","Falta o erro encontrado",IF(AND(J24="Reprovado",L24=""),"Falta a ação",IF(AND(J24="Reprovado",O24=""),"Falta avaliar os resultados anteriores","OK"))))))) -> OK
B25: 46451 | C25: TER-01 · Termômetro de espeto | D25: Verificação | E25: Planilha de verificação FR-07 · Água com gelo, 0 °C | G25: 0.3 | H25: 0.2 | I25: =IFERROR(INDEX($L$12:$L$18,MATCH(LEFT(C25,FIND(" ·",C25)-1),$B$12:$B$18,0)),"") -> 1 | J25: =IF(OR(C25="",G25="",I25=""),"",IF(ABS(G25)+N(H25)<=I25+0.000000001,"Aprovado","Reprovado")) -> Aprovado | Q25: =IF(LEFT(C25,FIND(" ·",C25)-1)="",IF(1>0,"Falta o instrumento",""),IF(ISNA(MATCH(LEFT(C25,FIND(" ·",C25)-1),$B$12:$B$18,0)),"Instrumento não cadastrado",IF(I25="","Falta o critério no cadastro",IF(E25="","Falta o registro",IF(G25="","Falta o erro encontrado",IF(AND(J25="Reprovado",L25=""),"Falta a ação",IF(AND(J25="Reprovado",O25=""),"Falta avaliar os resultados anteriores","OK"))))))) -> OK
B26: 46461 | C26: TER-02 · Termômetro de visor da câmara fria | D26: Verificação | E26: Planilha de verificação FR-07 · Contra o TER-01, a 5 °C | G26: -2 | H26: 0.3 | I26: =IFERROR(INDEX($L$12:$L$18,MATCH(LEFT(C26,FIND(" ·",C26)-1),$B$12:$B$18,0)),"") -> 1 | J26: =IF(OR(C26="",G26="",I26=""),"",IF(ABS(G26)+N(H26)<=I26+0.000000001,"Aprovado","Reprovado")) -> Reprovado | L26: Retirado da câmara. O TER-05, verificado contra o TER-01, foi instalado no lugar. | Q26: =IF(LEFT(C26,FIND(" ·",C26)-1)="",IF(1>0,"Falta o instrumento",""),IF(ISNA(MATCH(LEFT(C26,FIND(" ·",C26)-1),$B$12:$B$18,0)),"Instrumento não cadastrado",IF(I26="","Falta o critério no cadastro",IF(E26="","Falta o registro",IF(G26="","Falta o erro encontrado",IF(AND(J26="Reprovado",L26=""),"Falta a ação",IF(AND(J26="Reprovado",O26=""),"Falta avaliar os resultados anteriores","OK"))))))) -> Falta avaliar os resultados anteriores
B27: 46461 | C27: TER-05 · Termômetro de visor da câmara fria, novo | D27: Verificação | E27: Planilha de verificação FR-07 · Contra o TER-01, a 5 °C | G27: 0.2 | H27: 0.3 | I27: =IFERROR(INDEX($L$12:$L$18,MATCH(LEFT(C27,FIND(" ·",C27)-1),$B$12:$B$18,0)),"") -> 1 | J27: =IF(OR(C27="",G27="",I27=""),"",IF(ABS(G27)+N(H27)<=I27+0.000000001,"Aprovado","Reprovado")) -> Aprovado | Q27: =IF(LEFT(C27,FIND(" ·",C27)-1)="",IF(1>0,"Falta o instrumento",""),IF(ISNA(MATCH(LEFT(C27,FIND(" ·",C27)-1),$B$12:$B$18,0)),"Instrumento não cadastrado",IF(I27="","Falta o critério no cadastro",IF(E27="","Falta o registro",IF(G27="","Falta o erro encontrado",IF(AND(J27="Reprovado",L27=""),"Falta a ação",IF(AND(J27="Reprovado",O27=""),"Falta avaliar os resultados anteriores","OK"))))))) -> OK
B29: Resumo automático
B30: Instrumentos por situação | E30: =COUNTIF(O12:O18,"Em dia")&" em dia"&", "&COUNTIF(O12:O18,"Vence em breve")&" vence em breve"&", "&COUNTIF(O12:O18,"Vencido")&" vencido"&", "&COUNTIF(O12:O18,"Sem calibração")&" sem calibração"&", "&COUNTIF(O12:O18,"Fora de uso")&" fora de uso" -> 3 em dia, 2 vence em breve, 0 vencido, 1 sem calibração, 1 fora de uso
B31: Resolução grossa | E31: =COUNTIF(P12:P18,"Resolução grossa") -> 0
B32: Registros: aprovados, reprovados | E32: =COUNTIF(J22:J27,"Aprovado")&" aprovados, "&COUNTIF(J22:J27,"Reprovado")&" reprovados" -> 5 aprovados, 1 reprovados
B33: Registros a completar | E33: =SUMPRODUCT((Q22:Q27<>"OK")*1) -> 1

Sheet Exemplo 2 - Indústria
B1: Calibração e recursos de medição
B2: Exemplo preenchido, para consulta. Use as abas Instrumentos e Calibrações para a sua organização.
B4: Organização | D4: Indústria de embalagens plásticas
B5: Responsável | D5: Analista da Qualidade, com o Laboratório
B6: Padrões próprios | D6: Termômetro padrão PAD-01 e blocos-padrão de espessura, calibrados por laboratório acreditado.
B7: Origem | D7: Auditoria interna de 2026: 3 de 25 instrumentos em uso com a calibração vencida (GUT e Ishikawa da série).
B8: Data da leitura | D8: 46568
B10: Instrumentos
B11: Código | C11: Instrumento | D11: Local | E11: O que mede | F11: Unid. | G11: Tolerância | H11: Resolução | I11: Controle | J11: Meses | K11: Última | L11: Erro máx. | M11: Em uso | N11: Próxima | O11: Situação | P11: Adequação | Q11: Conferência
B12: MIC-07 | C12: Micrômetro de ponta plana | D12: Extrusora 3 | E12: Espessura do filme: 38 a 42 µm | F12: µm | G12: 4 | H12: 1 | I12: Calibração externa | J12: 6 | K12: 46550 | L12: 1 | M12: Não | N12: =IF(OR(K12="",J12=""),"",EDATE(K12,J12)) -> 46733 | O12: =IF(B12="","",IF(M12="Não","Fora de uso",IF(K12="","Sem calibração",IF(AND(ISNUMBER($D$8),N12<$D$8),"Vencido",IF(AND(ISNUMBER($D$8),N12-$D$8<MIN(30,(N12-K12)/4)),"Vence em breve","Em dia"))))) -> Fora de uso | P12: =IF(OR(G12="",H12=""),"",IF(H12<=G12/10+0.000000001,"Adequado","Resolução grossa")) -> Resolução grossa | Q12: =IF(B12="","",IF(E12="","Falta o que mede",IF(I12="","Falta o tipo de controle",IF(J12="","Falta o intervalo",IF(L12="","Falta o erro máximo admissível",IF(O12="Fora de uso","Fora de uso",IF(O12="Vencido","Vencido: bloquear ou calibrar",IF(O12="Sem calibração","Sem calibração ou verificação",IF(P12="Resolução grossa","Resolução grossa para a tolerância","OK"))))))))) -> Fora de uso
B13: MIC-08 | C13: Micrômetro digital | D13: Laboratório | E13: Espessura do filme: 38 a 42 µm | F13: µm | G13: 4 | H13: 0.1 | I13: Calibração externa | J13: 6 | K13: 46461 | L13: 0.5 | M13: Sim | N13: =IF(OR(K13="",J13=""),"",EDATE(K13,J13)) -> 46645 | O13: =IF(B13="","",IF(M13="Não","Fora de uso",IF(K13="","Sem calibração",IF(AND(ISNUMBER($D$8),N13<$D$8),"Vencido",IF(AND(ISNUMBER($D$8),N13-$D$8<MIN(30,(N13-K13)/4)),"Vence em breve","Em dia"))))) -> Em dia | P13: =IF(OR(G13="",H13=""),"",IF(H13<=G13/10+0.000000001,"Adequado","Resolução grossa")) -> Adequado | Q13: =IF(B13="","",IF(E13="","Falta o que mede",IF(I13="","Falta o tipo de controle",IF(J13="","Falta o intervalo",IF(L13="","Falta o erro máximo admissível",IF(O13="Fora de uso","Fora de uso",IF(O13="Vencido","Vencido: bloquear ou calibrar",IF(O13="Sem calibração","Sem calibração ou verificação",IF(P13="Resolução grossa","Resolução grossa para a tolerância","OK"))))))))) -> OK
B14: TR-03 | C14: Trena digital | D14: Extrusora 3 | E14: Largura do filme: 598 a 602 mm | F14: mm | G14: 4 | H14: 0.1 | I14: Calibração externa | J14: 12 | K14: 46334 | L14: 0.3 | M14: Sim | N14: =IF(OR(K14="",J14=""),"",EDATE(K14,J14)) -> 46699 | O14: =IF(B14="","",IF(M14="Não","Fora de uso",IF(K14="","Sem calibração",IF(AND(ISNUMBER($D$8),N14<$D$8),"Vencido",IF(AND(ISNUMBER($D$8),N14-$D$8<MIN(30,(N14-K14)/4)),"Vence em breve","Em dia"))))) -> Em dia | P14: =IF(OR(G14="",H14=""),"",IF(H14<=G14/10+0.000000001,"Adequado","Resolução grossa")) -> Adequado | Q14: =IF(B14="","",IF(E14="","Falta o que mede",IF(I14="","Falta o tipo de controle",IF(J14="","Falta o intervalo",IF(L14="","Falta o erro máximo admissível",IF(O14="Fora de uso","Fora de uso",IF(O14="Vencido","Vencido: bloquear ou calibrar",IF(O14="Sem calibração","Sem calibração ou verificação",IF(P14="Resolução grossa","Resolução grossa para a tolerância","OK"))))))))) -> OK
B15: TER-Z3 | C15: Termopar da zona 3 | D15: Extrusora 3 | E15: Temperatura da zona 3: 185 a 195 °C | F15: °C | G15: 10 | H15: 1 | I15: Calibração externa | J15: 12 | K15: 46236 | L15: 2 | M15: Sim | N15: =IF(OR(K15="",J15=""),"",EDATE(K15,J15)) -> 46601 | O15: =IF(B15="","",IF(M15="Não","Fora de uso",IF(K15="","Sem calibração",IF(AND(ISNUMBER($D$8),N15<$D$8),"Vencido",IF(AND(ISNUMBER($D$8),N15-$D$8<MIN(30,(N15-K15)/4)),"Vence em breve","Em dia"))))) -> Em dia | P15: =IF(OR(G15="",H15=""),"",IF(H15<=G15/10+0.000000001,"Adequado","Resolução grossa")) -> Adequado | Q15: =IF(B15="","",IF(E15="","Falta o que mede",IF(I15="","Falta o tipo de controle",IF(J15="","Falta o intervalo",IF(L15="","Falta o erro máximo admissível",IF(O15="Fora de uso","Fora de uso",IF(O15="Vencido","Vencido: bloquear ou calibrar",IF(O15="Sem calibração","Sem calibração ou verificação",IF(P15="Resolução grossa","Resolução grossa para a tolerância","OK"))))))))) -> OK
B16: DIN-01 | C16: Dinamômetro | D16: Laboratório | E16: Resistência da solda: no mínimo 12 N/15 mm | F16: N | G16: 2 | H16: 0.01 | I16: Calibração externa | J16: 12 | K16: 46528 | L16: 0.2 | M16: Sim | N16: =IF(OR(K16="",J16=""),"",EDATE(K16,J16)) -> 46894 | O16: =IF(B16="","",IF(M16="Não","Fora de uso",IF(K16="","Sem calibração",IF(AND(ISNUMBER($D$8),N16<$D$8),"Vencido",IF(AND(ISNUMBER($D$8),N16-$D$8<MIN(30,(N16-K16)/4)),"Vence em breve","Em dia"))))) -> Em dia | P16: =IF(OR(G16="",H16=""),"",IF(H16<=G16/10+0.000000001,"Adequado","Resolução grossa")) -> Adequado | Q16: =IF(B16="","",IF(E16="","Falta o que mede",IF(I16="","Falta o tipo de controle",IF(J16="","Falta o intervalo",IF(L16="","Falta o erro máximo admissível",IF(O16="Fora de uso","Fora de uso",IF(O16="Vencido","Vencido: bloquear ou calibrar",IF(O16="Sem calibração","Sem calibração ou verificação",IF(P16="Resolução grossa","Resolução grossa para a tolerância","OK"))))))))) -> OK
B17: TER-L1 | C17: Termômetro da câmara de condicionamento | D17: Laboratório | E17: Temperatura do ensaio a -18 °C, com ±2 °C | F17: °C | G17: 4 | H17: 0.1 | I17: Verificação interna | J17: 3 | K17: 46461 | L17: 1 | M17: Sim | N17: =IF(OR(K17="",J17=""),"",EDATE(K17,J17)) -> 46553 | O17: =IF(B17="","",IF(M17="Não","Fora de uso",IF(K17="","Sem calibração",IF(AND(ISNUMBER($D$8),N17<$D$8),"Vencido",IF(AND(ISNUMBER($D$8),N17-$D$8<MIN(30,(N17-K17)/4)),"Vence em breve","Em dia"))))) -> Vencido | P17: =IF(OR(G17="",H17=""),"",IF(H17<=G17/10+0.000000001,"Adequado","Resolução grossa")) -> Adequado | Q17: =IF(B17="","",IF(E17="","Falta o que mede",IF(I17="","Falta o tipo de controle",IF(J17="","Falta o intervalo",IF(L17="","Falta o erro máximo admissível",IF(O17="Fora de uso","Fora de uso",IF(O17="Vencido","Vencido: bloquear ou calibrar",IF(O17="Sem calibração","Sem calibração ou verificação",IF(P17="Resolução grossa","Resolução grossa para a tolerância","OK"))))))))) -> Vencido: bloquear ou calibrar
B18: PAD-01 | C18: Termômetro padrão | D18: Laboratório | E18: Referência das verificações internas | F18: °C | H18: 0.01 | I18: Calibração externa | J18: 12 | K18: 46428 | L18: 0.1 | M18: Sim | N18: =IF(OR(K18="",J18=""),"",EDATE(K18,J18)) -> 46793 | O18: =IF(B18="","",IF(M18="Não","Fora de uso",IF(K18="","Sem calibração",IF(AND(ISNUMBER($D$8),N18<$D$8),"Vencido",IF(AND(ISNUMBER($D$8),N18-$D$8<MIN(30,(N18-K18)/4)),"Vence em breve","Em dia"))))) -> Em dia | P18: =IF(OR(G18="",H18=""),"",IF(H18<=G18/10+0.000000001,"Adequado","Resolução grossa")) | Q18: =IF(B18="","",IF(E18="","Falta o que mede",IF(I18="","Falta o tipo de controle",IF(J18="","Falta o intervalo",IF(L18="","Falta o erro máximo admissível",IF(O18="Fora de uso","Fora de uso",IF(O18="Vencido","Vencido: bloquear ou calibrar",IF(O18="Sem calibração","Sem calibração ou verificação",IF(P18="Resolução grossa","Resolução grossa para a tolerância","OK"))))))))) -> OK
B20: Calibrações e verificações
B21: Data | C21: Código · instrumento | D21: Tipo | E21: Registro · ponto | G21: Erro | H21: Incerteza | I21: Critério (±) | J21: Resultado | L21: Ação | O21: Resultados anteriores | Q21: Conferência
B22: 46236 | C22: TER-Z3 · Termopar da zona 3 | D22: Calibração | E22: Certificado T-2026-0802, laboratório acreditado · 190 °C | G22: 1.2 | H22: 0.5 | I22: =IFERROR(INDEX($L$12:$L$18,MATCH(LEFT(C22,FIND(" ·",C22)-1),$B$12:$B$18,0)),"") -> 2 | J22: =IF(OR(C22="",G22="",I22=""),"",IF(ABS(G22)+N(H22)<=I22+0.000000001,"Aprovado","Reprovado")) -> Aprovado | Q22: =IF(LEFT(C22,FIND(" ·",C22)-1)="",IF(1>0,"Falta o instrumento",""),IF(ISNA(MATCH(LEFT(C22,FIND(" ·",C22)-1),$B$12:$B$18,0)),"Instrumento não cadastrado",IF(I22="","Falta o critério no cadastro",IF(E22="","Falta o registro",IF(G22="","Falta o erro encontrado",IF(AND(J22="Reprovado",L22=""),"Falta a ação",IF(AND(J22="Reprovado",O22=""),"Falta avaliar os resultados anteriores","OK"))))))) -> OK
B23: 46334 | C23: TR-03 · Trena digital | D23: Calibração | E23: Certificado D-2026-1108, laboratório acreditado · 600 mm | G23: 0.1 | H23: 0.05 | I23: =IFERROR(INDEX($L$12:$L$18,MATCH(LEFT(C23,FIND(" ·",C23)-1),$B$12:$B$18,0)),"") -> 0.3 | J23: =IF(OR(C23="",G23="",I23=""),"",IF(ABS(G23)+N(H23)<=I23+0.000000001,"Aprovado","Reprovado")) -> Aprovado | Q23: =IF(LEFT(C23,FIND(" ·",C23)-1)="",IF(1>0,"Falta o instrumento",""),IF(ISNA(MATCH(LEFT(C23,FIND(" ·",C23)-1),$B$12:$B$18,0)),"Instrumento não cadastrado",IF(I23="","Falta o critério no cadastro",IF(E23="","Falta o registro",IF(G23="","Falta o erro encontrado",IF(AND(J23="Reprovado",L23=""),"Falta a ação",IF(AND(J23="Reprovado",O23=""),"Falta avaliar os resultados anteriores","OK"))))))) -> OK
B24: 46397 | C24: MIC-07 · Micrômetro de ponta plana | D24: Calibração | E24: Certificado C-2027-0112, laboratório acreditado · 40 µm | G24: 0.3 | H24: 0.6 | I24: =IFERROR(INDEX($L$12:$L$18,MATCH(LEFT(C24,FIND(" ·",C24)-1),$B$12:$B$18,0)),"") -> 1 | J24: =IF(OR(C24="",G24="",I24=""),"",IF(ABS(G24)+N(H24)<=I24+0.000000001,"Aprovado","Reprovado")) -> Aprovado | Q24: =IF(LEFT(C24,FIND(" ·",C24)-1)="",IF(1>0,"Falta o instrumento",""),IF(ISNA(MATCH(LEFT(C24,FIND(" ·",C24)-1),$B$12:$B$18,0)),"Instrumento não cadastrado",IF(I24="","Falta o critério no cadastro",IF(E24="","Falta o registro",IF(G24="","Falta o erro encontrado",IF(AND(J24="Reprovado",L24=""),"Falta a ação",IF(AND(J24="Reprovado",O24=""),"Falta avaliar os resultados anteriores","OK"))))))) -> OK
B25: 46428 | C25: PAD-01 · Termômetro padrão | D25: Calibração | E25: Certificado P-2027-0210, laboratório acreditado · -18 °C e 20 °C | G25: 0.02 | H25: 0.03 | I25: =IFERROR(INDEX($L$12:$L$18,MATCH(LEFT(C25,FIND(" ·",C25)-1),$B$12:$B$18,0)),"") -> 0.1 | J25: =IF(OR(C25="",G25="",I25=""),"",IF(ABS(G25)+N(H25)<=I25+0.000000001,"Aprovado","Reprovado")) -> Aprovado | Q25: =IF(LEFT(C25,FIND(" ·",C25)-1)="",IF(1>0,"Falta o instrumento",""),IF(ISNA(MATCH(LEFT(C25,FIND(" ·",C25)-1),$B$12:$B$18,0)),"Instrumento não cadastrado",IF(I25="","Falta o critério no cadastro",IF(E25="","Falta o registro",IF(G25="","Falta o erro encontrado",IF(AND(J25="Reprovado",L25=""),"Falta a ação",IF(AND(J25="Reprovado",O25=""),"Falta avaliar os resultados anteriores","OK"))))))) -> OK
B26: 46461 | C26: MIC-08 · Micrômetro digital | D26: Calibração | E26: Certificado C-2027-0315, laboratório acreditado · 40 µm | G26: 0.1 | H26: 0.08 | I26: =IFERROR(INDEX($L$12:$L$18,MATCH(LEFT(C26,FIND(" ·",C26)-1),$B$12:$B$18,0)),"") -> 0.5 | J26: =IF(OR(C26="",G26="",I26=""),"",IF(ABS(G26)+N(H26)<=I26+0.000000001,"Aprovado","Reprovado")) -> Aprovado | Q26: =IF(LEFT(C26,FIND(" ·",C26)-1)="",IF(1>0,"Falta o instrumento",""),IF(ISNA(MATCH(LEFT(C26,FIND(" ·",C26)-1),$B$12:$B$18,0)),"Instrumento não cadastrado",IF(I26="","Falta o critério no cadastro",IF(E26="","Falta o registro",IF(G26="","Falta o erro encontrado",IF(AND(J26="Reprovado",L26=""),"Falta a ação",IF(AND(J26="Reprovado",O26=""),"Falta avaliar os resultados anteriores","OK"))))))) -> OK
B27: 46461 | C27: TER-L1 · Termômetro da câmara de condicionamento | D27: Verificação | E27: Registro de verificação FV-09 · Contra o PAD-01, a -18 °C | G27: 0.4 | H27: 0.1 | I27: =IFERROR(INDEX($L$12:$L$18,MATCH(LEFT(C27,FIND(" ·",C27)-1),$B$12:$B$18,0)),"") -> 1 | J27: =IF(OR(C27="",G27="",I27=""),"",IF(ABS(G27)+N(H27)<=I27+0.000000001,"Aprovado","Reprovado")) -> Aprovado | Q27: =IF(LEFT(C27,FIND(" ·",C27)-1)="",IF(1>0,"Falta o instrumento",""),IF(ISNA(MATCH(LEFT(C27,FIND(" ·",C27)-1),$B$12:$B$18,0)),"Instrumento não cadastrado",IF(I27="","Falta o critério no cadastro",IF(E27="","Falta o registro",IF(G27="","Falta o erro encontrado",IF(AND(J27="Reprovado",L27=""),"Falta a ação",IF(AND(J27="Reprovado",O27=""),"Falta avaliar os resultados anteriores","OK"))))))) -> OK
B28: 46528 | C28: DIN-01 · Dinamômetro | D28: Calibração | E28: Certificado F-2027-0521, laboratório acreditado · 15 N | G28: 0.15 | H28: 0.05 | I28: =IFERROR(INDEX($L$12:$L$18,MATCH(LEFT(C28,FIND(" ·",C28)-1),$B$12:$B$18,0)),"") -> 0.2 | J28: =IF(OR(C28="",G28="",I28=""),"",IF(ABS(G28)+N(H28)<=I28+0.000000001,"Aprovado","Reprovado")) -> Aprovado | Q28: =IF(LEFT(C28,FIND(" ·",C28)-1)="",IF(1>0,"Falta o instrumento",""),IF(ISNA(MATCH(LEFT(C28,FIND(" ·",C28)-1),$B$12:$B$18,0)),"Instrumento não cadastrado",IF(I28="","Falta o critério no cadastro",IF(E28="","Falta o registro",IF(G28="","Falta o erro encontrado",IF(AND(J28="Reprovado",L28=""),"Falta a ação",IF(AND(J28="Reprovado",O28=""),"Falta avaliar os resultados anteriores","OK"))))))) -> OK
B29: 46550 | C29: MIC-07 · Micrômetro de ponta plana | D29: Verificação | E29: Registro de verificação FV-12 · Bloco-padrão de 40 µm | G29: 1.6 | H29: 0.6 | I29: =IFERROR(INDEX($L$12:$L$18,MATCH(LEFT(C29,FIND(" ·",C29)-1),$B$12:$B$18,0)),"") -> 1 | J29: =IF(OR(C29="",G29="",I29=""),"",IF(ABS(G29)+N(H29)<=I29+0.000000001,"Aprovado","Reprovado")) -> Reprovado | L29: Retirado do posto. O MIC-08 mede as bobinas até a reposição, e um micrômetro de 0,1 µm foi comprado. | O29: Medições de 10/01 a 12/06 corrigidas em 1,6 µm: 6 bobinas abaixo de 38 µm, 2 delas já entregues, inclusive a do lote 135. Clientes informados em 14/06. | Q29: =IF(LEFT(C29,FIND(" ·",C29)-1)="",IF(1>0,"Falta o instrumento",""),IF(ISNA(MATCH(LEFT(C29,FIND(" ·",C29)-1),$B$12:$B$18,0)),"Instrumento não cadastrado",IF(I29="","Falta o critério no cadastro",IF(E29="","Falta o registro",IF(G29="","Falta o erro encontrado",IF(AND(J29="Reprovado",L29=""),"Falta a ação",IF(AND(J29="Reprovado",O29=""),"Falta avaliar os resultados anteriores","OK"))))))) -> OK
B31: Resumo automático
B32: Instrumentos por situação | E32: =COUNTIF(O12:O18,"Em dia")&" em dia"&", "&COUNTIF(O12:O18,"Vence em breve")&" vence em breve"&", "&COUNTIF(O12:O18,"Vencido")&" vencido"&", "&COUNTIF(O12:O18,"Sem calibração")&" sem calibração"&", "&COUNTIF(O12:O18,"Fora de uso")&" fora de uso" -> 5 em dia, 0 vence em breve, 1 vencido, 0 sem calibração, 1 fora de uso
B33: Resolução grossa | E33: =COUNTIF(P12:P18,"Resolução grossa") -> 1
B34: Registros: aprovados, reprovados | E34: =COUNTIF(J22:J29,"Aprovado")&" aprovados, "&COUNTIF(J22:J29,"Reprovado")&" reprovados" -> 7 aprovados, 1 reprovados
B35: Registros a completar | E35: =SUMPRODUCT((Q22:Q29<>"OK")*1) -> 0
