Workbook

Sheet Instruções
B1: Satisfação do cliente — Como usar esta planilha
B2: Modelo para definir a pesquisa, lançar as respostas, registrar as reclamações e ler os indicadores do período.
B4: Legenda: onde preencher
B5: Amarelo-claro | C5: Células de entrada. É aqui que você digita.
B6: Cinza | C6: Células calculadas ou fixas (rótulos, médias, classificações, indicadores, avisos). Não altere.
B7: Cinza em itálico | C7: Linha de exemplo (marcada com “Ex.”). Mostra o formato esperado e não entra nas contagens.
B8: Listas suspensas | C8: Colunas de canal, situação e status aceitam apenas as opções da lista. As notas aceitam números dentro da escala.
B9: Comentários | C9: Células com triângulo vermelho no canto trazem uma dica de preenchimento. Passe o mouse sobre elas.
B11: As regras de cálculo
B12: Escala | C12: As perguntas usam uma escala só, de 1 a 5 ou de 0 a 10, escolhida na aba Pesquisa. A nota máxima define o limite de satisfeito.
B13: Satisfeito | C13: Nota igual ou acima de 80% da escala: 4 em 5, 8 em 10. Percentual de satisfeitos = notas nesse nível sobre as respostas.
B14: Indicação | C14: Pergunta de 0 a 10. Promotor dá 9 ou 10; neutro, 7 ou 8; detrator, de 0 a 6. Indicação = promotores menos detratores, em percentual das respostas.
B15: Reclamações por 100 | C15: Reclamações do período ÷ pedidos do período × 100. Os pedidos são informados na aba Painel.
B16: Prazos | C16: Resposta em até 2 dias úteis e solução em até 10 dias, neste modelo. A organização define os seus.
B18: Ordem recomendada de preenchimento
B19: Passo 1 | C19: Aba Pesquisa: escreva o período, o canal, a escala e as perguntas, uma por coisa que o cliente valoriza.
B20: Passo 2 | C20: Aba Respostas: lance cada resposta, com as notas, a indicação e o comentário.
B21: Passo 3 | C21: Aba Reclamações: registre cada reclamação, com motivo, datas de resposta e de solução, e situação.
B22: Passo 4 | C22: Aba Painel: informe os pedidos ou clientes do período e as metas, e leia os indicadores.
B23: Passo 5 | C23: Escolha o motivo mais frequente e decida uma ação. Registre a devolutiva ao cliente.
B24: Passo 6 | C24: Aba Checklist: valide o sistema de satisfação.
B26: Abas da planilha
B27: Pesquisa | C27: Até 5 perguntas, com a escala, o período e o canal. Calcula o limite de satisfeito.
B28: Respostas | C28: Até 60 respostas. Calcula a média por pergunta, o percentual de satisfeitos e a classificação da indicação.
B29: Reclamações | C29: Até 30 reclamações. Calcula o prazo de resposta e a situação de cada uma, e conta os motivos.
B30: Painel | C30: Os indicadores do período, com meta e situação, e o gráfico das perguntas.
B31: Checklist | C31: Doze verificações de qualidade do sistema, com percentual de conclusão.
B32: Exemplo 1 - Pizzaria | C32: A pesquisa depois da entrega, por mês, com os motivos e as reclamações.
B33: Exemplo 2 - Indústria | C33: A pesquisa anual, por segmento, com os motivos das reclamações.
B35: Regras e premissas do modelo
B36: Amostra | C36: O resultado vale para quem respondeu. A taxa de resposta aparece no Painel ao lado da nota.
B37: Motivos | C37: Escreva o motivo da reclamação sempre com as mesmas palavras, para que a contagem por motivo funcione. Use a lista da aba Pesquisa.
B38: Situação da reclamação | C38: Aberta: sem resposta. Respondida: com resposta, sem solução. Resolvida: com solução. A situação é calculada pelas datas.
B39: Exemplos | C39: Os dados das abas de exemplo são ilustrativos, criados para este material.

Sheet Pesquisa
B1: A pesquisa
B2: Defina o período, o canal, a escala e as perguntas. Uma pergunta por coisa que o cliente valoriza.
B4: Organização
B5: Período e canal
B6: Escala: nota máxima (5 ou 10) | D6: 5
B7: Nota mínima para contar como satisfeito | D7: =IF(D6="","",CEILING(0.8*D6,1)) -> 4 | E7: 80% da escala: 4 em 5, 8 em 10.
B8: # | C8: Pergunta | D8: O que mede | E8: Conferência
B9: P1 | E9: =IF(C9="","",IF(LEN(C9)>80,"Pergunta longa: encurte",IF(OR(ISNUMBER(SEARCH(" e ",C9)),ISNUMBER(SEARCH(",",C9))),"Pode estar juntando dois assuntos","OK")))
B10: P2 | E10: =IF(C10="","",IF(LEN(C10)>80,"Pergunta longa: encurte",IF(OR(ISNUMBER(SEARCH(" e ",C10)),ISNUMBER(SEARCH(",",C10))),"Pode estar juntando dois assuntos","OK")))
B11: P3 | E11: =IF(C11="","",IF(LEN(C11)>80,"Pergunta longa: encurte",IF(OR(ISNUMBER(SEARCH(" e ",C11)),ISNUMBER(SEARCH(",",C11))),"Pode estar juntando dois assuntos","OK")))
B12: P4 | E12: =IF(C12="","",IF(LEN(C12)>80,"Pergunta longa: encurte",IF(OR(ISNUMBER(SEARCH(" e ",C12)),ISNUMBER(SEARCH(",",C12))),"Pode estar juntando dois assuntos","OK")))
B13: P5 | E13: =IF(C13="","",IF(LEN(C13)>80,"Pergunta longa: encurte",IF(OR(ISNUMBER(SEARCH(" e ",C13)),ISNUMBER(SEARCH(",",C13))),"Pode estar juntando dois assuntos","OK")))
B15: Pergunta de indicação, de 0 a 10 | D15: Você indicaria a um amigo ou colega?
B16: Campo aberto | D16: O que podemos melhorar?
B17: Motivos de reclamação e de nota baixa: escreva sempre com as mesmas palavras
B18: 1
B19: 2
B20: 3
B21: 4
B22: 5
B23: 6
B24: 7
B25: 8
B27: Resumo automático
B28: Perguntas cadastradas | D28: =COUNTA(C9:C13) -> 0
B29: Aviso | D29: =IF(D6="","Informe a escala",IF(D28=0,"Cadastre as perguntas",IF(COUNTIF(E9:E13,"OK")<D28,"Há pergunta a rever",IF(COUNTA(C18:C25)=0,"Cadastre os motivos","OK")))) -> Cadastre as perguntas

Sheet Respostas
B1: Respostas da pesquisa
B2: Uma linha por resposta. As notas seguem a escala da aba Pesquisa. A indicação é sempre de 0 a 10.
B4: # | C4: Data | D4: Cliente ou pedido | E4: P1 | F4: P2 | G4: P3 | H4: P4 | I4: P5 | J4: Indicação (0 a 10) | K4: Classificação | L4: Comentário | M4: Conferência
C5: As perguntas vêm da aba Pesquisa | E5: =IF(Pesquisa!C9="","",Pesquisa!C9) | F5: =IF(Pesquisa!C10="","",Pesquisa!C10) | G5: =IF(Pesquisa!C11="","",Pesquisa!C11) | H5: =IF(Pesquisa!C12="","",Pesquisa!C12) | I5: =IF(Pesquisa!C13="","",Pesquisa!C13)
C6: Da resposta | D6: Identificação | E6: Nota | F6: Nota | G6: Nota | H6: Nota | I6: Nota | J6: 0 a 10 | K6: Calculada | L6: Campo aberto | M6: Calculada
B7: 1 | K7: =IF(J7="","",IF(J7>=9,"Promotor",IF(J7>=7,"Neutro","Detrator"))) | M7: =IF(AND(D7="",COUNT(E7:J7)=0),"",IF(COUNT(E7:I7)=0,"Sem notas",IF(MAX(E7:I7)>Pesquisa!$D$6,"Nota acima da escala",IF(COUNT(E7:I7)<Pesquisa!$D$28,"Faltam notas","Completa"))))
B8: 2 | K8: =IF(J8="","",IF(J8>=9,"Promotor",IF(J8>=7,"Neutro","Detrator"))) | M8: =IF(AND(D8="",COUNT(E8:J8)=0),"",IF(COUNT(E8:I8)=0,"Sem notas",IF(MAX(E8:I8)>Pesquisa!$D$6,"Nota acima da escala",IF(COUNT(E8:I8)<Pesquisa!$D$28,"Faltam notas","Completa"))))
B9: 3 | K9: =IF(J9="","",IF(J9>=9,"Promotor",IF(J9>=7,"Neutro","Detrator"))) | M9: =IF(AND(D9="",COUNT(E9:J9)=0),"",IF(COUNT(E9:I9)=0,"Sem notas",IF(MAX(E9:I9)>Pesquisa!$D$6,"Nota acima da escala",IF(COUNT(E9:I9)<Pesquisa!$D$28,"Faltam notas","Completa"))))
B10: 4 | K10: =IF(J10="","",IF(J10>=9,"Promotor",IF(J10>=7,"Neutro","Detrator"))) | M10: =IF(AND(D10="",COUNT(E10:J10)=0),"",IF(COUNT(E10:I10)=0,"Sem notas",IF(MAX(E10:I10)>Pesquisa!$D$6,"Nota acima da escala",IF(COUNT(E10:I10)<Pesquisa!$D$28,"Faltam notas","Completa"))))
B11: 5 | K11: =IF(J11="","",IF(J11>=9,"Promotor",IF(J11>=7,"Neutro","Detrator"))) | M11: =IF(AND(D11="",COUNT(E11:J11)=0),"",IF(COUNT(E11:I11)=0,"Sem notas",IF(MAX(E11:I11)>Pesquisa!$D$6,"Nota acima da escala",IF(COUNT(E11:I11)<Pesquisa!$D$28,"Faltam notas","Completa"))))
B12: 6 | K12: =IF(J12="","",IF(J12>=9,"Promotor",IF(J12>=7,"Neutro","Detrator"))) | M12: =IF(AND(D12="",COUNT(E12:J12)=0),"",IF(COUNT(E12:I12)=0,"Sem notas",IF(MAX(E12:I12)>Pesquisa!$D$6,"Nota acima da escala",IF(COUNT(E12:I12)<Pesquisa!$D$28,"Faltam notas","Completa"))))
B13: 7 | K13: =IF(J13="","",IF(J13>=9,"Promotor",IF(J13>=7,"Neutro","Detrator"))) | M13: =IF(AND(D13="",COUNT(E13:J13)=0),"",IF(COUNT(E13:I13)=0,"Sem notas",IF(MAX(E13:I13)>Pesquisa!$D$6,"Nota acima da escala",IF(COUNT(E13:I13)<Pesquisa!$D$28,"Faltam notas","Completa"))))
B14: 8 | K14: =IF(J14="","",IF(J14>=9,"Promotor",IF(J14>=7,"Neutro","Detrator"))) | M14: =IF(AND(D14="",COUNT(E14:J14)=0),"",IF(COUNT(E14:I14)=0,"Sem notas",IF(MAX(E14:I14)>Pesquisa!$D$6,"Nota acima da escala",IF(COUNT(E14:I14)<Pesquisa!$D$28,"Faltam notas","Completa"))))
B15: 9 | K15: =IF(J15="","",IF(J15>=9,"Promotor",IF(J15>=7,"Neutro","Detrator"))) | M15: =IF(AND(D15="",COUNT(E15:J15)=0),"",IF(COUNT(E15:I15)=0,"Sem notas",IF(MAX(E15:I15)>Pesquisa!$D$6,"Nota acima da escala",IF(COUNT(E15:I15)<Pesquisa!$D$28,"Faltam notas","Completa"))))
B16: 10 | K16: =IF(J16="","",IF(J16>=9,"Promotor",IF(J16>=7,"Neutro","Detrator"))) | M16: =IF(AND(D16="",COUNT(E16:J16)=0),"",IF(COUNT(E16:I16)=0,"Sem notas",IF(MAX(E16:I16)>Pesquisa!$D$6,"Nota acima da escala",IF(COUNT(E16:I16)<Pesquisa!$D$28,"Faltam notas","Completa"))))
B17: 11 | K17: =IF(J17="","",IF(J17>=9,"Promotor",IF(J17>=7,"Neutro","Detrator"))) | M17: =IF(AND(D17="",COUNT(E17:J17)=0),"",IF(COUNT(E17:I17)=0,"Sem notas",IF(MAX(E17:I17)>Pesquisa!$D$6,"Nota acima da escala",IF(COUNT(E17:I17)<Pesquisa!$D$28,"Faltam notas","Completa"))))
B18: 12 | K18: =IF(J18="","",IF(J18>=9,"Promotor",IF(J18>=7,"Neutro","Detrator"))) | M18: =IF(AND(D18="",COUNT(E18:J18)=0),"",IF(COUNT(E18:I18)=0,"Sem notas",IF(MAX(E18:I18)>Pesquisa!$D$6,"Nota acima da escala",IF(COUNT(E18:I18)<Pesquisa!$D$28,"Faltam notas","Completa"))))
... B66: 60 | K66: =IF(J66="","",IF(J66>=9,"Promotor",IF(J66>=7,"Neutro","Detrator"))) | M66: =IF(AND(D66="",COUNT(E66:J66)=0),"",IF(COUNT(E66:I66)=0,"Sem notas",IF(MAX(E66:I66)>Pesquisa!$D$6,"Nota acima da escala",IF(COUNT(E66:I66)<Pesquisa!$D$28,"Faltam notas","Completa"))))
B68: Leitura por pergunta
B69: Respostas | E69: =IF(E5="","",COUNT(E7:E66)) | F69: =IF(F5="","",COUNT(F7:F66)) | G69: =IF(G5="","",COUNT(G7:G66)) | H69: =IF(H5="","",COUNT(H7:H66)) | I69: =IF(I5="","",COUNT(I7:I66))
B70: Média | E70: =IF(OR(E5="",COUNT(E7:E66)=0),"",AVERAGE(E7:E66)) | F70: =IF(OR(F5="",COUNT(F7:F66)=0),"",AVERAGE(F7:F66)) | G70: =IF(OR(G5="",COUNT(G7:G66)=0),"",AVERAGE(G7:G66)) | H70: =IF(OR(H5="",COUNT(H7:H66)=0),"",AVERAGE(H7:H66)) | I70: =IF(OR(I5="",COUNT(I7:I66)=0),"",AVERAGE(I7:I66))
B71: Satisfeitos | E71: =IF(OR(E5="",COUNT(E7:E66)=0),"",COUNTIF(E7:E66,">="&Pesquisa!$D$7)/COUNT(E7:E66)) | F71: =IF(OR(F5="",COUNT(F7:F66)=0),"",COUNTIF(F7:F66,">="&Pesquisa!$D$7)/COUNT(F7:F66)) | G71: =IF(OR(G5="",COUNT(G7:G66)=0),"",COUNTIF(G7:G66,">="&Pesquisa!$D$7)/COUNT(G7:G66)) | H71: =IF(OR(H5="",COUNT(H7:H66)=0),"",COUNTIF(H7:H66,">="&Pesquisa!$D$7)/COUNT(H7:H66)) | I71: =IF(OR(I5="",COUNT(I7:I66)=0),"",COUNTIF(I7:I66,">="&Pesquisa!$D$7)/COUNT(I7:I66))
B73: Resumo automático
B74: Respostas registradas | E74: =COUNTA(D7:D66) -> 0
B75: Média geral | E75: =IF(COUNT(E7:I66)=0,"",AVERAGE(E7:I66))
B76: Satisfeitos | E76: =IF(COUNT(E7:I66)=0,"",COUNTIF(E7:I66,">="&Pesquisa!$D$7)/COUNT(E7:I66))
B77: Promotores, neutros e detratores | E77: =COUNTIF(K7:K66,"Promotor")&", "&COUNTIF(K7:K66,"Neutro")&" e "&COUNTIF(K7:K66,"Detrator") -> 0, 0 e 0
B78: Indicação | E78: =IF(COUNT(J7:J66)=0,"",ROUND(100*(COUNTIF(K7:K66,"Promotor")-COUNTIF(K7:K66,"Detrator"))/COUNT(J7:J66),0))
B79: Aviso | E79: =IF(E74=0,"Lance as respostas",IF(COUNTIF(M7:M66,"Nota acima da escala")>0,"Há nota acima da escala",IF(COUNTIF(M7:M66,"Faltam notas")+COUNTIF(M7:M66,"Sem notas")>0,"Há resposta incompleta: veja a coluna Conferência","OK"))) -> Lance as respostas

Sheet Reclamações
B1: Reclamações
B2: Uma linha por reclamação, de qualquer canal. O prazo de resposta e a situação são calculados pelas datas.
B4: # | C4: Data | D4: Cliente ou pedido | E4: Canal | F4: Motivo | G4: Descrição | H4: Respondida em | I4: Resolvida em | J4: Dias até a resposta | K4: Tratamento | L4: RNC nº | M4: Situação
C5: Do registro | D5: Identificação | E5: Escolha na lista | F5: Da lista da aba Pesquisa | G5: O que aconteceu e o que o cliente pede | H5: Primeira resposta | I5: Solução | J5: Calculada | K5: O que foi feito | L5: Se virou RNC | M5: Calculada
B6: Ex. | C6: 46438 | D6: Pedido 2.671 | E6: Telefone | F6: Pizza fria | G6: Pizza fria em condomínio: 15 minutos na portaria. | H6: 46438 | I6: 46440 | J6: 0 | K6: Pizza reposta. Entrega na porta combinada com a portaria. | M6: Resolvida
B7: 1 | J7: =IF(OR(C7="",H7=""),"",H7-C7) | M7: =IF(G7="","",IF(C7="","Falta a data",IF(F7="","Falta o motivo",IF(I7<>"","Resolvida",IF(H7<>"","Respondida","Aberta")))))
B8: 2 | J8: =IF(OR(C8="",H8=""),"",H8-C8) | M8: =IF(G8="","",IF(C8="","Falta a data",IF(F8="","Falta o motivo",IF(I8<>"","Resolvida",IF(H8<>"","Respondida","Aberta")))))
B9: 3 | J9: =IF(OR(C9="",H9=""),"",H9-C9) | M9: =IF(G9="","",IF(C9="","Falta a data",IF(F9="","Falta o motivo",IF(I9<>"","Resolvida",IF(H9<>"","Respondida","Aberta")))))
B10: 4 | J10: =IF(OR(C10="",H10=""),"",H10-C10) | M10: =IF(G10="","",IF(C10="","Falta a data",IF(F10="","Falta o motivo",IF(I10<>"","Resolvida",IF(H10<>"","Respondida","Aberta")))))
B11: 5 | J11: =IF(OR(C11="",H11=""),"",H11-C11) | M11: =IF(G11="","",IF(C11="","Falta a data",IF(F11="","Falta o motivo",IF(I11<>"","Resolvida",IF(H11<>"","Respondida","Aberta")))))
B12: 6 | J12: =IF(OR(C12="",H12=""),"",H12-C12) | M12: =IF(G12="","",IF(C12="","Falta a data",IF(F12="","Falta o motivo",IF(I12<>"","Resolvida",IF(H12<>"","Respondida","Aberta")))))
B13: 7 | J13: =IF(OR(C13="",H13=""),"",H13-C13) | M13: =IF(G13="","",IF(C13="","Falta a data",IF(F13="","Falta o motivo",IF(I13<>"","Resolvida",IF(H13<>"","Respondida","Aberta")))))
B14: 8 | J14: =IF(OR(C14="",H14=""),"",H14-C14) | M14: =IF(G14="","",IF(C14="","Falta a data",IF(F14="","Falta o motivo",IF(I14<>"","Resolvida",IF(H14<>"","Respondida","Aberta")))))
B15: 9 | J15: =IF(OR(C15="",H15=""),"",H15-C15) | M15: =IF(G15="","",IF(C15="","Falta a data",IF(F15="","Falta o motivo",IF(I15<>"","Resolvida",IF(H15<>"","Respondida","Aberta")))))
B16: 10 | J16: =IF(OR(C16="",H16=""),"",H16-C16) | M16: =IF(G16="","",IF(C16="","Falta a data",IF(F16="","Falta o motivo",IF(I16<>"","Resolvida",IF(H16<>"","Respondida","Aberta")))))
B17: 11 | J17: =IF(OR(C17="",H17=""),"",H17-C17) | M17: =IF(G17="","",IF(C17="","Falta a data",IF(F17="","Falta o motivo",IF(I17<>"","Resolvida",IF(H17<>"","Respondida","Aberta")))))
B18: 12 | J18: =IF(OR(C18="",H18=""),"",H18-C18) | M18: =IF(G18="","",IF(C18="","Falta a data",IF(F18="","Falta o motivo",IF(I18<>"","Resolvida",IF(H18<>"","Respondida","Aberta")))))
... B36: 30 | J36: =IF(OR(C36="",H36=""),"",H36-C36) | M36: =IF(G36="","",IF(C36="","Falta a data",IF(F36="","Falta o motivo",IF(I36<>"","Resolvida",IF(H36<>"","Respondida","Aberta")))))
B38: Resumo automático | I38: Reclamações por motivo
B39: Reclamações registradas | E39: =COUNTA(G7:G36) -> 0 | I39: =IF(Pesquisa!C18="","",Pesquisa!C18) | M39: =IF(Pesquisa!C18="","",COUNTIF(F7:F36,Pesquisa!C18))
B40: Abertas, sem resposta | E40: =COUNTIF(M7:M36,"Aberta") -> 0 | I40: =IF(Pesquisa!C19="","",Pesquisa!C19) | M40: =IF(Pesquisa!C19="","",COUNTIF(F7:F36,Pesquisa!C19))
B41: Respondidas no prazo | E41: =IF(COUNT(J7:J36)=0,"",COUNTIF(J7:J36,"<=2")/COUNT(J7:J36)) | I41: =IF(Pesquisa!C20="","",Pesquisa!C20) | M41: =IF(Pesquisa!C20="","",COUNTIF(F7:F36,Pesquisa!C20))
B42: Dias até a resposta, em média | E42: =IF(COUNT(J7:J36)=0,"",AVERAGE(J7:J36)) | I42: =IF(Pesquisa!C21="","",Pesquisa!C21) | M42: =IF(Pesquisa!C21="","",COUNTIF(F7:F36,Pesquisa!C21))
B43: Resolvidas | E43: =COUNTIF(M7:M36,"Resolvida") -> 0 | I43: =IF(Pesquisa!C22="","",Pesquisa!C22) | M43: =IF(Pesquisa!C22="","",COUNTIF(F7:F36,Pesquisa!C22))
B44: Aviso | E44: =IF(E39=0,"Registre as reclamações",IF(COUNTIF(M7:M36,"Falta*")>0,"Há reclamação com campos em branco: veja a coluna Situação",IF(E40>0,"Há reclamação sem resposta",IF(COUNTIF(J7:J36,">2")>0,"Há resposta fora do prazo","OK")))) -> Registre as reclamações | I44: =IF(Pesquisa!C23="","",Pesquisa!C23) | M44: =IF(Pesquisa!C23="","",COUNTIF(F7:F36,Pesquisa!C23))
I45: =IF(Pesquisa!C24="","",Pesquisa!C24) | M45: =IF(Pesquisa!C24="","",COUNTIF(F7:F36,Pesquisa!C24))
I46: =IF(Pesquisa!C25="","",Pesquisa!C25) | M46: =IF(Pesquisa!C25="","",COUNTIF(F7:F36,Pesquisa!C25))

Sheet Painel
B1: Painel da satisfação
B2: Os indicadores do período, com meta e situação. Informe os pedidos do período e as metas.
B4: Pedidos ou clientes atendidos no período | D4: Base da taxa de resposta e das reclamações por 100.
B5: Período | C5: =IF(Pesquisa!D5="","",Pesquisa!D5)
B7: Indicador | C7: Resultado | D7: Meta | E7: Situação | F7: Como se lê
B8: Taxa de resposta | C8: =IF(OR(C4="",Respostas!E74=0),"",Respostas!E74/C4) | D8: 0.1 | E8: =IF(C8="","Sem dados",IF(D8="","Sem meta",IF(C8>=D8,"Na meta","Fora da meta"))) -> Sem dados | F8: Respostas sobre pedidos. Leia a nota junto com ela.
B9: Nota média das perguntas | C9: =IF(Respostas!E75="","",Respostas!E75) | E9: =IF(C9="","Sem dados",IF(D9="","Sem meta",IF(C9>=D9,"Na meta","Fora da meta"))) -> Sem dados | F9: Média de todas as notas, na escala da pesquisa.
B10: Satisfeitos | C10: =IF(Respostas!E76="","",Respostas!E76) | D10: 0.8 | E10: =IF(C10="","Sem dados",IF(D10="","Sem meta",IF(C10>=D10,"Na meta","Fora da meta"))) -> Sem dados | F10: Notas iguais ou acima do limite, sobre as notas.
B11: Indicação | C11: =IF(Respostas!E78="","",Respostas!E78) | D11: 50 | E11: =IF(C11="","Sem dados",IF(D11="","Sem meta",IF(C11>=D11,"Na meta","Fora da meta"))) -> Sem dados | F11: Promotores menos detratores, de −100 a 100.
B12: Reclamações por 100 pedidos | C12: =IF(OR(C4="",Reclamações!E39=0),"",100*Reclamações!E39/C4) | D12: 2 | E12: =IF(C12="","Sem dados",IF(D12="","Sem meta",IF(C12<=D12,"Na meta","Fora da meta"))) -> Sem dados | F12: Reclamações sobre pedidos, vezes 100.
B13: Respondidas no prazo | C13: =IF(Reclamações!E41="","",Reclamações!E41) | D13: 0.9 | E13: =IF(C13="","Sem dados",IF(D13="","Sem meta",IF(C13>=D13,"Na meta","Fora da meta"))) -> Sem dados | F13: Respostas em até 2 dias, sobre as respondidas.
B14: Dias até a resposta, em média | C14: =IF(Reclamações!E42="","",Reclamações!E42) | D14: 1 | E14: =IF(C14="","Sem dados",IF(D14="","Sem meta",IF(C14<=D14,"Na meta","Fora da meta"))) -> Sem dados | F14: Da data do registro à primeira resposta.
B16: Resumo automático
B17: Indicadores na meta | C17: =COUNTIF(E8:E14,"Na meta")&" de "&COUNTIF(E8:E14,"<>Sem dados") -> 0 de 0
B18: Motivo mais frequente | C18: =IF(SUM(Reclamações!M39:M46)=0,"",INDEX(Reclamações!I39:I46,MATCH(MAX(Reclamações!M39:M46),Reclamações!M39:M46,0)))
B19: Aviso | C19: =IF(C4="","Informe os pedidos do período",IF(COUNTIF(E8:E14,"Sem dados")=7,"Lance as respostas e as reclamações",IF(COUNTIF(E8:E14,"Fora da meta")>0,"Há indicador fora da meta: decida sobre o motivo mais frequente","OK"))) -> Informe os pedidos do período
B21: Média por pergunta
B22: =IF(Pesquisa!C9="","P1","P1 · "&Pesquisa!C9) -> P1 | C22: =IF(Respostas!E70="","",Respostas!E70)
B23: =IF(Pesquisa!C10="","P2","P2 · "&Pesquisa!C10) -> P2 | C23: =IF(Respostas!F70="","",Respostas!F70)
B24: =IF(Pesquisa!C11="","P3","P3 · "&Pesquisa!C11) -> P3 | C24: =IF(Respostas!G70="","",Respostas!G70)
B25: =IF(Pesquisa!C12="","P4","P4 · "&Pesquisa!C12) -> P4 | C25: =IF(Respostas!H70="","",Respostas!H70)
B26: =IF(Pesquisa!C13="","P5","P5 · "&Pesquisa!C13) -> P5 | C26: =IF(Respostas!I70="","",Respostas!I70)

Sheet Checklist
B1: Checklist da satisfação do cliente
B2: Escolha o status de cada item na lista suspensa (coluna em amarelo-claro).
B4: # | C4: Item de verificação | D4: Status | E4: Observações
B5: 1 | C5: Está definido quem é o cliente e o que ele valoriza no produto ou no serviço.
B6: 2 | C6: Há pelo menos uma fonte de cada família: o que o cliente diz quando perguntamos, o que diz sem perguntar e o que faz.
B7: 3 | C7: A pesquisa é curta, com perguntas ligadas ao que o cliente valoriza, e tem frequência definida.
B8: 4 | C8: A amostra e a taxa de resposta são conhecidas, e o resultado não é generalizado além delas.
B9: 5 | C9: Toda reclamação é registrada, de qualquer canal, com data, motivo e o que o cliente pede.
B10: 6 | C10: A reclamação recebe resposta no prazo definido, e o cliente sabe quem cuida dela.
B11: 7 | C11: Os motivos das reclamações e das notas baixas são agrupados e analisados.
B12: 8 | C12: Reclamação grave ou repetida vira não conformidade, com análise de causa.
B13: 9 | C13: Os indicadores de satisfação têm meta e entram no painel da organização.
B14: 10 | C14: O resultado é analisado em reunião, com decisões registradas.
B15: 11 | C15: O cliente recebe a devolutiva: o que foi feito com o que ele disse.
B16: 12 | C16: A satisfação do cliente é entrada da análise crítica pela direção.
B18: Resumo automático
B19: Itens atendidos (Sim) | D19: =COUNTIF(D5:D16,"Sim") -> 0
B20: Itens parciais | D20: =COUNTIF(D5:D16,"Parcial") -> 0
B21: Itens não atendidos | D21: =COUNTIF(D5:D16,"Não") -> 0
B22: Itens sem resposta | D22: =COUNTBLANK(D5:D16) -> 12
B23: Percentual atendido | D23: =D19/ROWS(D5:D16) -> 0
B24: Situação | D24: =IF(D19=ROWS(D5:D16),"Validado",IF(D22>0,"Em andamento","Com pendências")) -> Em andamento

Sheet Exemplo 1 - Pizzaria
B1: Satisfação do cliente
B2: Exemplo preenchido, para consulta. Use as abas Pesquisa, Respostas, Reclamações e Painel para a sua organização.
B4: Organização | D4: Pizzaria (loja com salão e delivery)
B5: Data e período | D5: 05/05/2027. Fevereiro a abril de 2027
B6: Pesquisa | D6: Código impresso na caixa, lido pelo celular. Três perguntas e um campo de comentário.
B7: Origem | D7: Decisão da análise crítica de 14/12/2026: pesquisa de três perguntas, com acesso pelo código impresso na caixa.
B9: Resultado por mês · escala de 1 a 5
B10: Mês | C10: Pedidos | D10: Respostas | E10: Taxa | F10: P1 | G10: P2 | H10: P3 | I10: Média | J10: Promotores | K10: Detratores | L10: Indicação | M10: Reclamações por 100
B11: Fev/2027 | C11: 840 | D11: 96 | E11: =D11/C11 -> 0.11428571 | F11: 4.1 | G11: 4.4 | H11: 4.5 | I11: =AVERAGE(F11:H11) -> 4.3333333 | J11: 52 | K11: 13 | L11: =ROUND(100*(J11-K11)/D11,0) -> 41 | M11: =100*16/C11 -> 1.9047619
B12: Mar/2027 | C12: 910 | D12: 108 | E12: =D12/C12 -> 0.11868132 | F12: 4.3 | G12: 4.4 | H12: 4.6 | I12: =AVERAGE(F12:H12) -> 4.4333333 | J12: 63 | K12: 13 | L12: =ROUND(100*(J12-K12)/D12,0) -> 46 | M12: =100*15/C12 -> 1.6483516
B13: Abr/2027 | C13: 870 | D13: 108 | E13: =D13/C13 -> 0.12413793 | F13: 4.5 | G13: 4.5 | H13: 4.6 | I13: =AVERAGE(F13:H13) -> 4.5333333 | J13: 71 | K13: 9 | L13: =ROUND(100*(J13-K13)/D13,0) -> 57 | M13: =100*12/C13 -> 1.3793103
B14: Meta | C14: — | D14: — | E14: — | F14: 4.3 | G14: 4.3 | H14: 4.3 | I14: 4.3 | J14: — | K14: — | L14: 50 | M14: 2
B16: Motivos das notas 1 e 2 e das reclamações
B17: Motivo | F17: Ocorrências | G17: Percentual | H17: Acumulado
B18: Entrega atrasada | F18: 34 | G18: =F18/SUM(F$18:F$22) -> 0.45333333 | H18: =SUM(F$18:F18)/SUM(F$18:F$22) -> 0.45333333
B19: Pizza fria | F19: 19 | G19: =F19/SUM(F$18:F$22) -> 0.25333333 | H19: =SUM(F$18:F19)/SUM(F$18:F$22) -> 0.70666667
B20: Pedido errado ou incompleto | F20: 11 | G20: =F20/SUM(F$18:F$22) -> 0.14666667 | H20: =SUM(F$18:F20)/SUM(F$18:F$22) -> 0.85333333
B21: Embalagem amassada | F21: 7 | G21: =F21/SUM(F$18:F$22) -> 0.093333333 | H21: =SUM(F$18:F21)/SUM(F$18:F$22) -> 0.94666667
B22: Atendimento | F22: 4 | G22: =F22/SUM(F$18:F$22) -> 0.053333333 | H22: =SUM(F$18:F22)/SUM(F$18:F$22) -> 1
B24: Reclamações registradas · amostra
B25: Data | C25: Pedido | D25: Canal | E25: Motivo | G25: Descrição | J25: Respondida | K25: Resolvida | L25: Registro | M25: Situação
B26: 46424 | C26: Pedido 2.318 | D26: Aplicativo | E26: Entrega atrasada | G26: Pedido chegou 25 minutos depois do prometido, na noite de chuva. | J26: 46424 | K26: 46425 | M26: =IF(K26<>"","Resolvida",IF(J26<>"","Respondida","Aberta")) -> Resolvida
B27: 46438 | C27: Pedido 2.671 | D27: Telefone | E27: Pizza fria | G27: Pizza fria no salão de festas: entrega em condomínio, 15 minutos na portaria. | J27: 46438 | K27: 46440 | M27: =IF(K27<>"","Resolvida",IF(J27<>"","Respondida","Aberta")) -> Resolvida
B28: 46459 | C28: Pedido 3.104 | D28: Aplicativo | E28: Pedido errado ou incompleto | G28: Faltou o refrigerante. | J28: 46459 | K28: 46459 | M28: =IF(K28<>"","Resolvida",IF(J28<>"","Respondida","Aberta")) -> Resolvida
B29: 46480 | C29: Pedido 3.611 | D29: Mensagem | E29: Pizza fria | G29: Terceira reclamação de pizza fria do mesmo condomínio. | J29: 46480 | K29: 46487 | L29: RNC 2027-04 | M29: =IF(K29<>"","Resolvida",IF(J29<>"","Respondida","Aberta")) -> Resolvida
B30: 46501 | C30: Pedido 3.902 | D30: Aplicativo | E30: Embalagem amassada | G30: Caixa amassada, pizza colada na tampa. | J30: 46504 | M30: =IF(K30<>"","Resolvida",IF(J30<>"","Respondida","Aberta")) -> Respondida
B32: Resumo automático
B33: Respostas no período | G33: =SUM(D11:D13) -> 312
B34: Média das três perguntas | G34: =AVERAGE(I11:I13) -> 4.4333333
B35: Indicação, do primeiro ao último mês | G35: =L11&" → "&L13 -> 41 → 57
B36: Reclamações por 100 pedidos, do primeiro ao último mês | G36: =TEXT(M11,"0,0")&" → "&TEXT(M13,"0,0") -> 1,9 → 1,4
B37: Motivo mais frequente | G37: =INDEX(B17:B21,MATCH(MAX(F17:F21),F17:F21,0)) -> Entrega atrasada

Sheet Exemplo 2 - Indústria
B1: Satisfação do cliente
B2: Exemplo preenchido, para consulta. Use as abas Pesquisa, Respostas, Reclamações e Painel para a sua organização.
B4: Organização | D4: Indústria de embalagens plásticas
B5: Data e período | D5: 04/12/2026. Pesquisa anual, novembro de 2026, e reclamações de 2026
B6: Pesquisa | D6: Pesquisa por e-mail aos 58 clientes ativos, com cinco perguntas de 0 a 10 e uma de indicação. 41 respostas, 71%.
B7: Origem | D7: Ação da análise crítica de 12/02/2026: rever a pesquisa de satisfação do cliente.
B9: Resultado por segmento · escala de 0 a 10
B10: Segmento | C10: Clientes | D10: Respostas | E10: Q1 | F10: Q2 | G10: Q3 | H10: Q4 | I10: Q5 | J10: Média | K10: Promotores | L10: Detratores | M10: Indicação
E11: Qualidade do produto | F11: Prazo de entrega | G11: Atendimento comercial | H11: Assistência técnica | I11: Documentação
B12: Alimentos | C12: 24 | D12: 19 | E12: 8.5 | F12: 7.8 | G12: 8.9 | H12: 7.9 | I12: 8.3 | J12: =AVERAGE(E12:I12) -> 8.28 | K12: 9 | L12: 2 | M12: =ROUND(100*(K12-L12)/D12,0) -> 37
B13: Cosméticos | C13: 18 | D13: 12 | E13: 8.9 | F13: 8.4 | G13: 9 | H13: 8.2 | I13: 8.1 | J13: =AVERAGE(E13:I13) -> 8.52 | K13: 7 | L13: 1 | M13: =ROUND(100*(K13-L13)/D13,0) -> 50
B14: Industrial | C14: 16 | D14: 10 | E14: 8.8 | F14: 8.3 | G14: 8.8 | H14: 8 | I14: 8.2 | J14: =AVERAGE(E14:I14) -> 8.42 | K14: 4 | L14: 1 | M14: =ROUND(100*(K14-L14)/D14,0) -> 30
B15: Todos | C15: =SUM(C12:C14) -> 58 | D15: =SUM(D12:D14) -> 41 | E15: =SUMPRODUCT(E12:E14,$D12:$D14)/$D15 -> 8.6902439 | F15: =SUMPRODUCT(F12:F14,$D12:$D14)/$D15 -> 8.097561 | G15: =SUMPRODUCT(G12:G14,$D12:$D14)/$D15 -> 8.904878 | H15: =SUMPRODUCT(H12:H14,$D12:$D14)/$D15 -> 8.0121951 | I15: =SUMPRODUCT(I12:I14,$D12:$D14)/$D15 -> 8.2170732 | J15: =AVERAGE(E15:I15) -> 8.3843902 | K15: =SUM(K12:K14) -> 20 | L15: =SUM(L12:L14) -> 4 | M15: =ROUND(100*(K15-L15)/D15,0) -> 39
B16: Meta | C16: — | D16: — | E16: 8 | F16: 8 | G16: 8 | H16: 8 | I16: 8 | J16: 8 | K16: — | L16: — | M16: 40
B18: Reclamações de 2026 por motivo · 7 das 18 são do cliente a, do segmento de alimentos
B19: Motivo | F19: Reclamações | G19: Percentual | H19: Acumulado
B20: Espessura fora da especificação | F20: 8 | G20: =F20/SUM(F$20:F$23) -> 0.44444444 | H20: =SUM(F$20:F20)/SUM(F$20:F$23) -> 0.44444444
B21: Impressão fora do padrão | F21: 4 | G21: =F21/SUM(F$20:F$23) -> 0.22222222 | H21: =SUM(F$20:F21)/SUM(F$20:F$23) -> 0.66666667
B22: Atraso na entrega | F22: 4 | G22: =F22/SUM(F$20:F$23) -> 0.22222222 | H22: =SUM(F$20:F22)/SUM(F$20:F$23) -> 0.88888889
B23: Embalagem de transporte danificada | F23: 2 | G23: =F23/SUM(F$20:F$23) -> 0.11111111 | H23: =SUM(F$20:F23)/SUM(F$20:F$23) -> 1
B25: Resumo automático
B26: Taxa de resposta | G26: =D15/C15 -> 0.70689655
B27: Média geral | G27: =J15 -> 8.3843902
B28: Dimensão com a menor nota | G28: =INDEX(E11:I11,MATCH(MIN(E15:I15),E15:I15,0)) -> Assistência técnica
B29: Segmento com a menor média | G29: =INDEX(B12:B14,MATCH(MIN(J12:J14),J12:J14,0)) -> Alimentos
B30: Indicação geral | G30: =M15 -> 39
