Workbook

Sheet Instruções
B1: ISO 9001:2026: o que muda — Como usar esta planilha
B2: Modelo para diagnosticar as mudanças da edição de 2026 e planejar a transição.
B4: Legenda: onde preencher
B5: Amarelo-claro | C5: Células de entrada. É aqui que você digita.
B6: Cinza | C6: Células calculadas ou fixas (as nove mudanças, pontos, prioridade, limites, situações, conferências). Não altere.
B7: Listas suspensas | C7: Situação, tipo, impacto, situação do certificado e checklist aceitam apenas as opções da lista.
B8: Comentários | C8: Células com triângulo vermelho no canto trazem uma dica de preenchimento. Passe o mouse sobre elas.
B10: As regras de cálculo
B11: Pontos | C11: O impacto (alto 3, médio 2, baixo 1) vezes a lacuna (não atende 2, atende em parte 1, atende ou não se aplica 0). Vão de 0 a 6.
B12: Prioridade | C12: Alta: 4 pontos ou mais. Média: 2 ou 3. Baixa: 1. Sem lacuna: 0.
B13: Situação da ação | C13: Concluída com data de conclusão. Atrasada se o prazo passou na data da leitura. No prazo nos outros casos.
B14: Limite de cada etapa | C14: A data da auditoria menos os dias da coluna. Os dias são uma convenção deste material: 180 para ler a norma, 15 para a análise crítica.
B15: Situação da etapa | C15: Feito no prazo ou Feito fora do prazo, se feita. Se não: Atrasado depois do limite, Vence em 30 dias a 30 dias ou menos, Previsto antes disso.
B16: Alerta | C16: Para quem tem certificado pela edição de 2015, a auditoria precisa ser até o fim da transição.
B18: Ordem recomendada de preenchimento
B19: Passo 1 | C19: Aba Mudanças: a data da leitura e a situação de cada mudança, com a evidência.
B20: Passo 2 | C20: Aba Mudanças: para cada lacuna, a ação, o responsável e o prazo. Quando concluir, a data.
B21: Passo 3 | C21: Aba Mudanças: se encontrar outra mudança no texto da norma, use as linhas livres.
B22: Passo 4 | C22: Aba Plano: a auditoria, a data, a leitura, o fim da transição e a situação do certificado.
B23: Passo 5 | C23: Aba Plano: as datas em que cada etapa foi feita.
B24: Passo 6 | C24: Aba Painel: leia os avisos. Depois, valide na aba Checklist.
B26: Abas da planilha
B27: Mudanças | C27: As 9 mudanças da edição de 2026, com a pergunta de cada uma, e 6 linhas livres.
B28: Plano | C28: As 8 etapas da transição, com o limite calculado pela data da auditoria.
B29: Painel | C29: Os números das duas abas, o gráfico das prioridades e o aviso.
B30: Checklist | C30: Doze verificações da transição, com percentual de conclusão.
B31: Exemplo 1 - Pizzaria | C31: A preparação para a certificação inicial, já pela edição de 2026.
B32: Exemplo 2 - Indústria | C32: A transição na 1ª manutenção, depois da certificação pela edição de 2015.
B34: Premissas do modelo
B35: Datas | C35: A ISO 9001:2026 foi publicada em 16/09/2026. Pelas regras de transição da Global ACI, certificados novos só pela edição de 2026 desde 31/03/2028, e os de 2015 valem até 30/09/2029.
B36: Mudanças | C36: Os resumos são deste material, a partir do anúncio da ISO e das análises dos organismos. Confira no texto da norma.
B37: Exemplos | C37: Os dados das abas de exemplo são ilustrativos, criados para este material.

Sheet Mudanças
B1: Diagnóstico das mudanças
B2: Uma mudança por linha: a situação, a evidência e, se houver lacuna, a ação.
B4: Data da leitura | E4: As ações com prazo vencido nesta data aparecem atrasadas.
B6: # | C6: Código | D6: Onde | E6: Mudança | F6: Tipo | G6: Impacto | H6: Pergunta do diagnóstico | I6: Situação | J6: Evidência | K6: Ação | L6: Responsável | M6: Prazo | N6: Concluída em | O6: Pontos | P6: Prioridade | Q6: Ação | R6: Conferência
B7: As nove mudanças da edição de 2026, e linhas livres para outras que você encontrar no texto.
B8: 1 | C8: M1 | D8: 4.1 e 4.2 | E8: Mudança climática no contexto | F8: Incorporado | G8: Baixo | H8: A análise de contexto e a lista de partes interessadas dizem se o clima afeta a organização? | O8: =IF(OR(I8="",G8=""),"",IF(G8="Alto",3,IF(G8="Médio",2,IF(G8="Baixo",1,0)))*IF(I8="Não atende",2,IF(I8="Atende em parte",1,0))) | P8: =IF(O8="","",IF(O8>=4,"Alta",IF(O8>=2,"Média",IF(O8>=1,"Baixa","Sem lacuna")))) | Q8: =IF(AND(C8="",E8=""),"",IF(K8="","—",IF(N8<>"","Concluída",IF(AND(M8<>"",N($D$4)>M8),"Atrasada","No prazo")))) -> — | R8: =IF(AND(C8="",E8=""),"",IF(I8="","Falta a situação",IF(AND(OR(I8="Atende em parte",I8="Não atende"),K8=""),"Lacuna sem ação",IF(AND(K8<>"",M8=""),"Falta o prazo",IF(AND(K8<>"",L8=""),"Falta o responsável",IF(AND(I8="Atende",J8=""),"Falta a evidência","OK")))))) -> Falta a situação
B9: 2 | C9: M2 | D9: 5.1.1 | E9: Cultura da qualidade e comportamento ético | F9: Novo | G9: Alto | H9: Como a direção mostra, na prática, a cultura da qualidade e o comportamento ético que espera? | O9: =IF(OR(I9="",G9=""),"",IF(G9="Alto",3,IF(G9="Médio",2,IF(G9="Baixo",1,0)))*IF(I9="Não atende",2,IF(I9="Atende em parte",1,0))) | P9: =IF(O9="","",IF(O9>=4,"Alta",IF(O9>=2,"Média",IF(O9>=1,"Baixa","Sem lacuna")))) | Q9: =IF(AND(C9="",E9=""),"",IF(K9="","—",IF(N9<>"","Concluída",IF(AND(M9<>"",N($D$4)>M9),"Atrasada","No prazo")))) -> — | R9: =IF(AND(C9="",E9=""),"",IF(I9="","Falta a situação",IF(AND(OR(I9="Atende em parte",I9="Não atende"),K9=""),"Lacuna sem ação",IF(AND(K9<>"",M9=""),"Falta o prazo",IF(AND(K9<>"",L9=""),"Falta o responsável",IF(AND(I9="Atende",J9=""),"Falta a evidência","OK")))))) -> Falta a situação
B10: 3 | C10: M3 | D10: 5.2 | E10: Política ligada à direção estratégica | F10: Reforçado | G10: Médio | H10: A política conversa com a estratégia e com o contexto, e os objetivos saem dela? | O10: =IF(OR(I10="",G10=""),"",IF(G10="Alto",3,IF(G10="Médio",2,IF(G10="Baixo",1,0)))*IF(I10="Não atende",2,IF(I10="Atende em parte",1,0))) | P10: =IF(O10="","",IF(O10>=4,"Alta",IF(O10>=2,"Média",IF(O10>=1,"Baixa","Sem lacuna")))) | Q10: =IF(AND(C10="",E10=""),"",IF(K10="","—",IF(N10<>"","Concluída",IF(AND(M10<>"",N($D$4)>M10),"Atrasada","No prazo")))) -> — | R10: =IF(AND(C10="",E10=""),"",IF(I10="","Falta a situação",IF(AND(OR(I10="Atende em parte",I10="Não atende"),K10=""),"Lacuna sem ação",IF(AND(K10<>"",M10=""),"Falta o prazo",IF(AND(K10<>"",L10=""),"Falta o responsável",IF(AND(I10="Atende",J10=""),"Falta a evidência","OK")))))) -> Falta a situação
B11: 4 | C11: M4 | D11: 6.1 | E11: Riscos e oportunidades separados | F11: Reestruturado | G11: Alto | H11: Os riscos e as oportunidades estão em listas separadas, cada uma com análise, ação e eficácia? | O11: =IF(OR(I11="",G11=""),"",IF(G11="Alto",3,IF(G11="Médio",2,IF(G11="Baixo",1,0)))*IF(I11="Não atende",2,IF(I11="Atende em parte",1,0))) | P11: =IF(O11="","",IF(O11>=4,"Alta",IF(O11>=2,"Média",IF(O11>=1,"Baixa","Sem lacuna")))) | Q11: =IF(AND(C11="",E11=""),"",IF(K11="","—",IF(N11<>"","Concluída",IF(AND(M11<>"",N($D$4)>M11),"Atrasada","No prazo")))) -> — | R11: =IF(AND(C11="",E11=""),"",IF(I11="","Falta a situação",IF(AND(OR(I11="Atende em parte",I11="Não atende"),K11=""),"Lacuna sem ação",IF(AND(K11<>"",M11=""),"Falta o prazo",IF(AND(K11<>"",L11=""),"Falta o responsável",IF(AND(I11="Atende",J11=""),"Falta a evidência","OK")))))) -> Falta a situação
B12: 5 | C12: M5 | D12: 6.3 | E12: Planejamento de mudanças | F12: Reforçado | G12: Médio | H12: A última mudança importante no sistema teve plano, comunicação e análise do resultado? | O12: =IF(OR(I12="",G12=""),"",IF(G12="Alto",3,IF(G12="Médio",2,IF(G12="Baixo",1,0)))*IF(I12="Não atende",2,IF(I12="Atende em parte",1,0))) | P12: =IF(O12="","",IF(O12>=4,"Alta",IF(O12>=2,"Média",IF(O12>=1,"Baixa","Sem lacuna")))) | Q12: =IF(AND(C12="",E12=""),"",IF(K12="","—",IF(N12<>"","Concluída",IF(AND(M12<>"",N($D$4)>M12),"Atrasada","No prazo")))) -> — | R12: =IF(AND(C12="",E12=""),"",IF(I12="","Falta a situação",IF(AND(OR(I12="Atende em parte",I12="Não atende"),K12=""),"Lacuna sem ação",IF(AND(K12<>"",M12=""),"Falta o prazo",IF(AND(K12<>"",L12=""),"Falta o responsável",IF(AND(I12="Atende",J12=""),"Falta a evidência","OK")))))) -> Falta a situação
B13: 6 | C13: M6 | D13: 7.3 | E13: Conscientização sobre cultura e ética | F13: Novo | G13: Médio | H13: As pessoas sabem dizer que comportamento a organização espera delas, e por quê? | O13: =IF(OR(I13="",G13=""),"",IF(G13="Alto",3,IF(G13="Médio",2,IF(G13="Baixo",1,0)))*IF(I13="Não atende",2,IF(I13="Atende em parte",1,0))) | P13: =IF(O13="","",IF(O13>=4,"Alta",IF(O13>=2,"Média",IF(O13>=1,"Baixa","Sem lacuna")))) | Q13: =IF(AND(C13="",E13=""),"",IF(K13="","—",IF(N13<>"","Concluída",IF(AND(M13<>"",N($D$4)>M13),"Atrasada","No prazo")))) -> — | R13: =IF(AND(C13="",E13=""),"",IF(I13="","Falta a situação",IF(AND(OR(I13="Atende em parte",I13="Não atende"),K13=""),"Lacuna sem ação",IF(AND(K13<>"",M13=""),"Falta o prazo",IF(AND(K13<>"",L13=""),"Falta o responsável",IF(AND(I13="Atende",J13=""),"Falta a evidência","OK")))))) -> Falta a situação
B14: 7 | C14: M7 | D14: 3 | E14: Termos essenciais dentro da norma | F14: Esclarecimento | G14: Baixo | H14: Os documentos internos usam os termos como a norma nova os define? | O14: =IF(OR(I14="",G14=""),"",IF(G14="Alto",3,IF(G14="Médio",2,IF(G14="Baixo",1,0)))*IF(I14="Não atende",2,IF(I14="Atende em parte",1,0))) | P14: =IF(O14="","",IF(O14>=4,"Alta",IF(O14>=2,"Média",IF(O14>=1,"Baixa","Sem lacuna")))) | Q14: =IF(AND(C14="",E14=""),"",IF(K14="","—",IF(N14<>"","Concluída",IF(AND(M14<>"",N($D$4)>M14),"Atrasada","No prazo")))) -> — | R14: =IF(AND(C14="",E14=""),"",IF(I14="","Falta a situação",IF(AND(OR(I14="Atende em parte",I14="Não atende"),K14=""),"Lacuna sem ação",IF(AND(K14<>"",M14=""),"Falta o prazo",IF(AND(K14<>"",L14=""),"Falta o responsável",IF(AND(I14="Atende",J14=""),"Falta a evidência","OK")))))) -> Falta a situação
B15: 8 | C15: M8 | D15: Estrutura | E15: Estrutura harmonizada atualizada | F15: Esclarecimento | G15: Baixo | H15: Os documentos que citam números de requisitos continuam certos? | O15: =IF(OR(I15="",G15=""),"",IF(G15="Alto",3,IF(G15="Médio",2,IF(G15="Baixo",1,0)))*IF(I15="Não atende",2,IF(I15="Atende em parte",1,0))) | P15: =IF(O15="","",IF(O15>=4,"Alta",IF(O15>=2,"Média",IF(O15>=1,"Baixa","Sem lacuna")))) | Q15: =IF(AND(C15="",E15=""),"",IF(K15="","—",IF(N15<>"","Concluída",IF(AND(M15<>"",N($D$4)>M15),"Atrasada","No prazo")))) -> — | R15: =IF(AND(C15="",E15=""),"",IF(I15="","Falta a situação",IF(AND(OR(I15="Atende em parte",I15="Não atende"),K15=""),"Lacuna sem ação",IF(AND(K15<>"",M15=""),"Falta o prazo",IF(AND(K15<>"",L15=""),"Falta o responsável",IF(AND(I15="Atende",J15=""),"Falta a evidência","OK")))))) -> Falta a situação
B16: 9 | C16: M9 | D16: Anexo A | E16: Anexo A ampliado | F16: Esclarecimento | G16: Baixo | H16: Quem interpreta a norma na organização leu o anexo novo? | O16: =IF(OR(I16="",G16=""),"",IF(G16="Alto",3,IF(G16="Médio",2,IF(G16="Baixo",1,0)))*IF(I16="Não atende",2,IF(I16="Atende em parte",1,0))) | P16: =IF(O16="","",IF(O16>=4,"Alta",IF(O16>=2,"Média",IF(O16>=1,"Baixa","Sem lacuna")))) | Q16: =IF(AND(C16="",E16=""),"",IF(K16="","—",IF(N16<>"","Concluída",IF(AND(M16<>"",N($D$4)>M16),"Atrasada","No prazo")))) -> — | R16: =IF(AND(C16="",E16=""),"",IF(I16="","Falta a situação",IF(AND(OR(I16="Atende em parte",I16="Não atende"),K16=""),"Lacuna sem ação",IF(AND(K16<>"",M16=""),"Falta o prazo",IF(AND(K16<>"",L16=""),"Falta o responsável",IF(AND(I16="Atende",J16=""),"Falta a evidência","OK")))))) -> Falta a situação
B17: 10 | O17: =IF(OR(I17="",G17=""),"",IF(G17="Alto",3,IF(G17="Médio",2,IF(G17="Baixo",1,0)))*IF(I17="Não atende",2,IF(I17="Atende em parte",1,0))) | P17: =IF(O17="","",IF(O17>=4,"Alta",IF(O17>=2,"Média",IF(O17>=1,"Baixa","Sem lacuna")))) | Q17: =IF(AND(C17="",E17=""),"",IF(K17="","—",IF(N17<>"","Concluída",IF(AND(M17<>"",N($D$4)>M17),"Atrasada","No prazo")))) | R17: =IF(AND(C17="",E17=""),"",IF(I17="","Falta a situação",IF(AND(OR(I17="Atende em parte",I17="Não atende"),K17=""),"Lacuna sem ação",IF(AND(K17<>"",M17=""),"Falta o prazo",IF(AND(K17<>"",L17=""),"Falta o responsável",IF(AND(I17="Atende",J17=""),"Falta a evidência","OK"))))))
B18: 11 | O18: =IF(OR(I18="",G18=""),"",IF(G18="Alto",3,IF(G18="Médio",2,IF(G18="Baixo",1,0)))*IF(I18="Não atende",2,IF(I18="Atende em parte",1,0))) | P18: =IF(O18="","",IF(O18>=4,"Alta",IF(O18>=2,"Média",IF(O18>=1,"Baixa","Sem lacuna")))) | Q18: =IF(AND(C18="",E18=""),"",IF(K18="","—",IF(N18<>"","Concluída",IF(AND(M18<>"",N($D$4)>M18),"Atrasada","No prazo")))) | R18: =IF(AND(C18="",E18=""),"",IF(I18="","Falta a situação",IF(AND(OR(I18="Atende em parte",I18="Não atende"),K18=""),"Lacuna sem ação",IF(AND(K18<>"",M18=""),"Falta o prazo",IF(AND(K18<>"",L18=""),"Falta o responsável",IF(AND(I18="Atende",J18=""),"Falta a evidência","OK"))))))
B19: 12 | O19: =IF(OR(I19="",G19=""),"",IF(G19="Alto",3,IF(G19="Médio",2,IF(G19="Baixo",1,0)))*IF(I19="Não atende",2,IF(I19="Atende em parte",1,0))) | P19: =IF(O19="","",IF(O19>=4,"Alta",IF(O19>=2,"Média",IF(O19>=1,"Baixa","Sem lacuna")))) | Q19: =IF(AND(C19="",E19=""),"",IF(K19="","—",IF(N19<>"","Concluída",IF(AND(M19<>"",N($D$4)>M19),"Atrasada","No prazo")))) | R19: =IF(AND(C19="",E19=""),"",IF(I19="","Falta a situação",IF(AND(OR(I19="Atende em parte",I19="Não atende"),K19=""),"Lacuna sem ação",IF(AND(K19<>"",M19=""),"Falta o prazo",IF(AND(K19<>"",L19=""),"Falta o responsável",IF(AND(I19="Atende",J19=""),"Falta a evidência","OK"))))))
B20: 13 | O20: =IF(OR(I20="",G20=""),"",IF(G20="Alto",3,IF(G20="Médio",2,IF(G20="Baixo",1,0)))*IF(I20="Não atende",2,IF(I20="Atende em parte",1,0))) | P20: =IF(O20="","",IF(O20>=4,"Alta",IF(O20>=2,"Média",IF(O20>=1,"Baixa","Sem lacuna")))) | Q20: =IF(AND(C20="",E20=""),"",IF(K20="","—",IF(N20<>"","Concluída",IF(AND(M20<>"",N($D$4)>M20),"Atrasada","No prazo")))) | R20: =IF(AND(C20="",E20=""),"",IF(I20="","Falta a situação",IF(AND(OR(I20="Atende em parte",I20="Não atende"),K20=""),"Lacuna sem ação",IF(AND(K20<>"",M20=""),"Falta o prazo",IF(AND(K20<>"",L20=""),"Falta o responsável",IF(AND(I20="Atende",J20=""),"Falta a evidência","OK"))))))
B21: 14 | O21: =IF(OR(I21="",G21=""),"",IF(G21="Alto",3,IF(G21="Médio",2,IF(G21="Baixo",1,0)))*IF(I21="Não atende",2,IF(I21="Atende em parte",1,0))) | P21: =IF(O21="","",IF(O21>=4,"Alta",IF(O21>=2,"Média",IF(O21>=1,"Baixa","Sem lacuna")))) | Q21: =IF(AND(C21="",E21=""),"",IF(K21="","—",IF(N21<>"","Concluída",IF(AND(M21<>"",N($D$4)>M21),"Atrasada","No prazo")))) | R21: =IF(AND(C21="",E21=""),"",IF(I21="","Falta a situação",IF(AND(OR(I21="Atende em parte",I21="Não atende"),K21=""),"Lacuna sem ação",IF(AND(K21<>"",M21=""),"Falta o prazo",IF(AND(K21<>"",L21=""),"Falta o responsável",IF(AND(I21="Atende",J21=""),"Falta a evidência","OK"))))))
B22: 15 | O22: =IF(OR(I22="",G22=""),"",IF(G22="Alto",3,IF(G22="Médio",2,IF(G22="Baixo",1,0)))*IF(I22="Não atende",2,IF(I22="Atende em parte",1,0))) | P22: =IF(O22="","",IF(O22>=4,"Alta",IF(O22>=2,"Média",IF(O22>=1,"Baixa","Sem lacuna")))) | Q22: =IF(AND(C22="",E22=""),"",IF(K22="","—",IF(N22<>"","Concluída",IF(AND(M22<>"",N($D$4)>M22),"Atrasada","No prazo")))) | R22: =IF(AND(C22="",E22=""),"",IF(I22="","Falta a situação",IF(AND(OR(I22="Atende em parte",I22="Não atende"),K22=""),"Lacuna sem ação",IF(AND(K22<>"",M22=""),"Falta o prazo",IF(AND(K22<>"",L22=""),"Falta o responsável",IF(AND(I22="Atende",J22=""),"Falta a evidência","OK"))))))
B24: Resumo automático
B25: Situação | E25: =COUNTIF(I8:I22,"Atende")&" atende"&", "&COUNTIF(I8:I22,"Atende em parte")&" atende em parte"&", "&COUNTIF(I8:I22,"Não atende")&" não atende"&", "&COUNTIF(I8:I22,"Não se aplica")&" não se aplica" -> 0 atende, 0 atende em parte, 0 não atende, 0 não se aplica
B26: Prioridade | E26: =COUNTIF(P8:P22,"Alta")&" alta"&", "&COUNTIF(P8:P22,"Média")&" média"&", "&COUNTIF(P8:P22,"Baixa")&" baixa"&", "&COUNTIF(P8:P22,"Sem lacuna")&" sem lacuna"&". Total: "&SUM(O8:O22)&" pontos" -> 0 alta, 0 média, 0 baixa, 0 sem lacuna. Total: 0 pontos
B27: Aviso | E27: =IF(COUNTA(I8:I22)=0,"Diagnostique as mudanças",IF(COUNTIF(R8:R22,"Lacuna sem ação")>0,"Há lacuna sem ação",IF(COUNTIF(Q8:Q22,"Atrasada")>0,"Há ação atrasada",IF(SUMPRODUCT((R8:R22<>"")*(R8:R22<>"OK"))>0,"Há linha a completar: veja a coluna Conferência",IF(COUNTIF(P8:P22,"Alta")>0,"Há prioridade alta: leve à direção","OK"))))) -> Diagnostique as mudanças

Sheet Plano
B1: Plano de transição
B2: As etapas até a auditoria, com o limite de cada uma.
B4: Auditoria | F4: Qual auditoria: manutenção, recertificação, auditoria separada, ou a fase 1 da certificação inicial.
B5: Data da auditoria | F5: A data combinada, ou prevista, com o organismo.
B6: Data da leitura | F6: As etapas são comparadas com esta data.
B7: Fim da transição | D7: 47391 | F7: Para certificados pela edição de 2015. Confirme com o seu organismo.
B8: Situação do certificado | F8: Certificado pela edição de 2015, ou sem certificado.
B9: Alerta de prazo | D9: =IF(OR(D8="",D5=""),"",IF(AND(D8="Certificado pela edição de 2015",D5>D7),"A auditoria está depois do fim da transição","OK"))
B11: # | C11: Etapa | D11: Dias antes | E11: Limite | F11: Feito em | G11: Situação | H11: Observação | I11: Limite pendente
B12: 1 | C12: Comprar e ler a norma nova | D12: 180 | E12: =IF($D$5="","",$D$5-D12) | G12: =IF(E12="","",IF(F12<>"",IF(F12<=E12,"Feito no prazo","Feito fora do prazo"),IF(N($D$6)=0,"",IF($D$6>E12,"Atrasado",IF(E12-$D$6<=30,"Vence em 30 dias","Previsto"))))) | I12: =IF(AND(E12<>"",F12=""),E12,"")
B13: 2 | C13: Diagnóstico das mudanças | D13: 150 | E13: =IF($D$5="","",$D$5-D13) | G13: =IF(E13="","",IF(F13<>"",IF(F13<=E13,"Feito no prazo","Feito fora do prazo"),IF(N($D$6)=0,"",IF($D$6>E13,"Atrasado",IF(E13-$D$6<=30,"Vence em 30 dias","Previsto"))))) | I13: =IF(AND(E13<>"",F13=""),E13,"")
B14: 3 | C14: Plano de ação aprovado pela direção | D14: 120 | E14: =IF($D$5="","",$D$5-D14) | G14: =IF(E14="","",IF(F14<>"",IF(F14<=E14,"Feito no prazo","Feito fora do prazo"),IF(N($D$6)=0,"",IF($D$6>E14,"Atrasado",IF(E14-$D$6<=30,"Vence em 30 dias","Previsto"))))) | I14: =IF(AND(E14<>"",F14=""),E14,"")
B15: 4 | C15: Ações concluídas | D15: 60 | E15: =IF($D$5="","",$D$5-D15) | G15: =IF(E15="","",IF(F15<>"",IF(F15<=E15,"Feito no prazo","Feito fora do prazo"),IF(N($D$6)=0,"",IF($D$6>E15,"Atrasado",IF(E15-$D$6<=30,"Vence em 30 dias","Previsto"))))) | I15: =IF(AND(E15<>"",F15=""),E15,"")
B16: 5 | C16: Conscientização da equipe | D16: 45 | E16: =IF($D$5="","",$D$5-D16) | G16: =IF(E16="","",IF(F16<>"",IF(F16<=E16,"Feito no prazo","Feito fora do prazo"),IF(N($D$6)=0,"",IF($D$6>E16,"Atrasado",IF(E16-$D$6<=30,"Vence em 30 dias","Previsto"))))) | I16: =IF(AND(E16<>"",F16=""),E16,"")
B17: 6 | C17: Auditoria interna pela edição de 2026 | D17: 30 | E17: =IF($D$5="","",$D$5-D17) | G17: =IF(E17="","",IF(F17<>"",IF(F17<=E17,"Feito no prazo","Feito fora do prazo"),IF(N($D$6)=0,"",IF($D$6>E17,"Atrasado",IF(E17-$D$6<=30,"Vence em 30 dias","Previsto"))))) | I17: =IF(AND(E17<>"",F17=""),E17,"")
B18: 7 | C18: Análise crítica com a transição | D18: 15 | E18: =IF($D$5="","",$D$5-D18) | G18: =IF(E18="","",IF(F18<>"",IF(F18<=E18,"Feito no prazo","Feito fora do prazo"),IF(N($D$6)=0,"",IF($D$6>E18,"Atrasado",IF(E18-$D$6<=30,"Vence em 30 dias","Previsto"))))) | I18: =IF(AND(E18<>"",F18=""),E18,"")
B19: 8 | C19: Auditoria do organismo | D19: 0 | E19: =IF($D$5="","",$D$5-D19) | G19: =IF(E19="","",IF(F19<>"",IF(F19<=E19,"Feito no prazo","Feito fora do prazo"),IF(N($D$6)=0,"",IF($D$6>E19,"Atrasado",IF(E19-$D$6<=30,"Vence em 30 dias","Previsto"))))) | I19: =IF(AND(E19<>"",F19=""),E19,"")
B21: Resumo automático
B22: Etapas | E22: =COUNTIF(G12:G19,"Feito no prazo")&" feito no prazo"&", "&COUNTIF(G12:G19,"Feito fora do prazo")&" feito fora do prazo"&", "&COUNTIF(G12:G19,"Atrasado")&" atrasado"&", "&COUNTIF(G12:G19,"Vence em 30 dias")&" vence em 30 dias"&", "&COUNTIF(G12:G19,"Previsto")&" previsto" -> 0 feito no prazo, 0 feito fora do prazo, 0 atrasado, 0 vence em 30 dias, 0 previsto
B23: Aviso | E23: =IF(D5="","Informe a data da auditoria",IF(D9="A auditoria está depois do fim da transição","A auditoria está depois do fim da transição",IF(D6="","Informe a data da leitura",IF(COUNTIF(G12:G19,"Atrasado")>0,"Há etapa atrasada",IF(COUNTIF(G12:G19,"Vence em 30 dias")>0,"Há etapa que vence em 30 dias","OK"))))) -> Informe a data da auditoria

Sheet Painel
B1: Painel da transição
B2: Nada a preencher: tudo vem das outras abas.
B3: Auditoria | C3: =IF(Plano!D4="","",Plano!D4)
B5: Indicador | C5: Resultado | D5: Como se lê
B6: DIAGNÓSTICO
B7: Atende | C7: =COUNTIF(Mudanças!I8:I22,"Atende") -> 0 | D7: Mudanças já atendidas.
B8: Atende em parte | C8: =COUNTIF(Mudanças!I8:I22,"Atende em parte") -> 0 | D8: Lacunas parciais.
B9: Não atende | C9: =COUNTIF(Mudanças!I8:I22,"Não atende") -> 0 | D9: Lacunas inteiras.
B10: Prioridade alta | C10: =COUNTIF(Mudanças!P8:P22,"Alta") -> 0 | D10: Levar à direção.
B11: Prioridade média | C11: =COUNTIF(Mudanças!P8:P22,"Média") -> 0 | D11: Antes da auditoria interna.
B12: Pontos de lacuna | C12: =SUM(Mudanças!O8:O22) -> 0 | D12: Impacto vezes lacuna, somados.
B13: Ações | C13: =COUNTIF(Mudanças!Q8:Q22,"Concluída")+COUNTIF(Mudanças!Q8:Q22,"No prazo")+COUNTIF(Mudanças!Q8:Q22,"Atrasada") -> 0 | D13: Ações registradas.
B14: Ações concluídas | C14: =COUNTIF(Mudanças!Q8:Q22,"Concluída") -> 0 | D14: Com data de conclusão.
B15: Ações atrasadas | C15: =COUNTIF(Mudanças!Q8:Q22,"Atrasada") -> 0 | D15: Prazo vencido na data da leitura.
B16: Linhas a completar | C16: =SUMPRODUCT((Mudanças!R8:R22<>"")*(Mudanças!R8:R22<>"OK")) -> 9 | D16: Conferências diferentes de OK.
B17: PLANO
B18: Data da auditoria | C18: =IF(Plano!D5="","",Plano!D5) | D18: Da aba Plano.
B19: Alerta de prazo | C19: =IF(Plano!D9="","",Plano!D9) | D19: A auditoria cabe na transição?
B20: Etapas atrasadas | C20: =COUNTIF(Plano!G12:G19,"Atrasado") -> 0 | D20: Passaram do limite.
B21: Etapas que vencem em 30 dias | C21: =COUNTIF(Plano!G12:G19,"Vence em 30 dias") -> 0 | D21: Confirmar a data e o responsável.
B22: Próximo limite | C22: =IF(MIN(Plano!I12:I19)=0,"",MIN(Plano!I12:I19)) | D22: O limite mais próximo de uma etapa ainda não feita.
B23: Próxima etapa | C23: =IF(C22="","",IFERROR(INDEX(Plano!C12:C19,MATCH(C22,Plano!I12:I19,0)),"")) | D23: A etapa desse limite.
B25: Resumo automático
B26: Aviso | C26: =IF(COUNTA(Mudanças!I8:I22)=0,"Diagnostique as mudanças na aba Mudanças",IF(C19="A auditoria está depois do fim da transição","A auditoria está depois do fim da transição",IF(C15>0,"Há ação atrasada",IF(C20>0,"Há etapa do plano atrasada",IF(C16>0,"Há linha a completar no diagnóstico",IF(C10>0,"Há prioridade alta: leve à direção","OK")))))) -> Diagnostique as mudanças na aba Mudanças
B28: Mudanças por prioridade
B29: Alta | C29: =COUNTIF(Mudanças!P8:P22,B29) -> 0
B30: Média | C30: =COUNTIF(Mudanças!P8:P22,B30) -> 0
B31: Baixa | C31: =COUNTIF(Mudanças!P8:P22,B31) -> 0
B32: Sem lacuna | C32: =COUNTIF(Mudanças!P8:P22,B32) -> 0

Sheet Checklist
B1: Checklist da transição para a ISO 9001:2026
B2: Escolha o status de cada item na lista suspensa (coluna em amarelo-claro).
B4: # | C4: Item de verificação | D4: Status | E4: Observações
B5: 1 | C5: A norma nova foi comprada e lida, com o anexo A, por quem cuida do sistema.
B6: 2 | C6: Cada mudança foi avaliada: atende, atende em parte ou não atende, com evidência.
B7: 3 | C7: As lacunas têm ação, responsável e prazo, aprovados pela direção.
B8: 4 | C8: A direção sabe dizer como promove a cultura da qualidade e o comportamento ético.
B9: 5 | C9: A política está ligada ao contexto e à direção estratégica.
B10: 6 | C10: Riscos e oportunidades estão em listas separadas, cada uma com ação e avaliação.
B11: 7 | C11: As mudanças no sistema têm plano, comunicação e análise do efeito.
B12: 8 | C12: As pessoas sabem que comportamento se espera delas, e por quê.
B13: 9 | C13: A análise de contexto diz se o clima afeta a organização.
B14: 10 | C14: Os documentos usam os termos da edição nova.
B15: 11 | C15: Houve auditoria interna e análise crítica pela edição nova antes da auditoria externa.
B16: 12 | C16: A data da auditoria de transição foi combinada com o organismo, antes de 30/09/2029.
B18: Resumo automático
B19: Itens atendidos (Sim) | D19: =COUNTIF(D5:D16,"Sim") -> 0
B20: Itens parciais | D20: =COUNTIF(D5:D16,"Parcial") -> 0
B21: Itens não atendidos | D21: =COUNTIF(D5:D16,"Não") -> 0
B22: Itens sem resposta | D22: =COUNTBLANK(D5:D16) -> 12
B23: Percentual atendido | D23: =D19/ROWS(D5:D16) -> 0
B24: Situação | D24: =IF(D19=ROWS(D5:D16),"Validado",IF(D22>0,"Em andamento","Com pendências")) -> Em andamento

Sheet Exemplo 1 - Pizzaria
B1: ISO 9001:2026: o que muda
B2: Exemplo preenchido, para consulta. Use as abas Mudanças e Plano para a sua organização.
B4: Organização | E4: Pizzaria (loja com salão e delivery)
B5: Situação | E5: Sem certificado. Certificação inicial marcada, já pela edição de 2026.
B6: Auditoria | E6: Fase 1 da certificação inicial
B7: Responsável | E7: Gerente da loja
B8: Data da leitura | E8: 46757
B9: Data da auditoria | E9: 46798
B10: Fim da transição | E10: 47391
B11: Situação do certificado | E11: Sem certificado
B12: Alerta de prazo | E12: =IF(OR($E$11="",$E$9=""),"",IF(AND($E$11="Certificado pela edição de 2015",$E$9>$E$10),"A auditoria está depois do fim da transição","OK")) -> OK
B14: Diagnóstico das mudanças
B15: # | C15: Código | D15: Onde | E15: Mudança | F15: Tipo | G15: Impacto | H15: Pergunta | I15: Situação | J15: Evidência | K15: Ação | L15: Responsável | M15: Prazo | N15: Concluída em | O15: Pontos | P15: Prioridade | Q15: Ação | R15: Conferência
B16: 1 | C16: M1 | D16: 4.1 e 4.2 | E16: Mudança climática no contexto | F16: Incorporado | G16: Baixo | H16: A análise de contexto e a lista de partes interessadas dizem se o clima afeta a organização? | I16: Atende em parte | J16: Calor da cozinha medido todo dia; o clima não está na SWOT | K16: Incluir o calor na cozinha e as chuvas fortes na SWOT e nas partes interessadas. | L16: Gerente da loja | M16: 46736 | N16: 46733 | O16: =IF(OR(I16="",G16=""),"",IF(G16="Alto",3,IF(G16="Médio",2,IF(G16="Baixo",1,0)))*IF(I16="Não atende",2,IF(I16="Atende em parte",1,0))) -> 1 | P16: =IF(O16="","",IF(O16>=4,"Alta",IF(O16>=2,"Média",IF(O16>=1,"Baixa","Sem lacuna")))) -> Baixa | Q16: =IF(AND(C16="",E16=""),"",IF(K16="","—",IF(N16<>"","Concluída",IF(AND(M16<>"",N($E$8)>M16),"Atrasada","No prazo")))) -> Concluída | R16: =IF(AND(C16="",E16=""),"",IF(I16="","Falta a situação",IF(AND(OR(I16="Atende em parte",I16="Não atende"),K16=""),"Lacuna sem ação",IF(AND(K16<>"",M16=""),"Falta o prazo",IF(AND(K16<>"",L16=""),"Falta o responsável",IF(AND(I16="Atende",J16=""),"Falta a evidência","OK")))))) -> OK
B17: 2 | C17: M2 | D17: 5.1.1 | E17: Cultura da qualidade e comportamento ético | F17: Novo | G17: Alto | H17: Como a direção mostra, na prática, a cultura da qualidade e o comportamento ético que espera? | I17: Não atende | K17: O dono escreve três comportamentos esperados e os cobra na reunião mensal. | L17: Dono da loja | M17: 46752 | O17: =IF(OR(I17="",G17=""),"",IF(G17="Alto",3,IF(G17="Médio",2,IF(G17="Baixo",1,0)))*IF(I17="Não atende",2,IF(I17="Atende em parte",1,0))) -> 6 | P17: =IF(O17="","",IF(O17>=4,"Alta",IF(O17>=2,"Média",IF(O17>=1,"Baixa","Sem lacuna")))) -> Alta | Q17: =IF(AND(C17="",E17=""),"",IF(K17="","—",IF(N17<>"","Concluída",IF(AND(M17<>"",N($E$8)>M17),"Atrasada","No prazo")))) -> Atrasada | R17: =IF(AND(C17="",E17=""),"",IF(I17="","Falta a situação",IF(AND(OR(I17="Atende em parte",I17="Não atende"),K17=""),"Lacuna sem ação",IF(AND(K17<>"",M17=""),"Falta o prazo",IF(AND(K17<>"",L17=""),"Falta o responsável",IF(AND(I17="Atende",J17=""),"Falta a evidência","OK")))))) -> OK
B18: 3 | C18: M3 | D18: 5.2 | E18: Política ligada à direção estratégica | F18: Reforçado | G18: Médio | H18: A política conversa com a estratégia e com o contexto, e os objetivos saem dela? | I18: Atende | J18: Política de 2027 ligada ao crescimento do delivery | O18: =IF(OR(I18="",G18=""),"",IF(G18="Alto",3,IF(G18="Médio",2,IF(G18="Baixo",1,0)))*IF(I18="Não atende",2,IF(I18="Atende em parte",1,0))) -> 0 | P18: =IF(O18="","",IF(O18>=4,"Alta",IF(O18>=2,"Média",IF(O18>=1,"Baixa","Sem lacuna")))) -> Sem lacuna | Q18: =IF(AND(C18="",E18=""),"",IF(K18="","—",IF(N18<>"","Concluída",IF(AND(M18<>"",N($E$8)>M18),"Atrasada","No prazo")))) -> — | R18: =IF(AND(C18="",E18=""),"",IF(I18="","Falta a situação",IF(AND(OR(I18="Atende em parte",I18="Não atende"),K18=""),"Lacuna sem ação",IF(AND(K18<>"",M18=""),"Falta o prazo",IF(AND(K18<>"",L18=""),"Falta o responsável",IF(AND(I18="Atende",J18=""),"Falta a evidência","OK")))))) -> OK
B19: 4 | C19: M4 | D19: 6.1 | E19: Riscos e oportunidades separados | F19: Reestruturado | G19: Alto | H19: Os riscos e as oportunidades estão em listas separadas, cada uma com análise, ação e eficácia? | I19: Atende em parte | J19: Matriz de riscos do delivery | K19: Separar as oportunidades da SWOT numa lista própria, com ação e prazo. | L19: Gerente da loja | M19: 46741 | N19: 46739 | O19: =IF(OR(I19="",G19=""),"",IF(G19="Alto",3,IF(G19="Médio",2,IF(G19="Baixo",1,0)))*IF(I19="Não atende",2,IF(I19="Atende em parte",1,0))) -> 3 | P19: =IF(O19="","",IF(O19>=4,"Alta",IF(O19>=2,"Média",IF(O19>=1,"Baixa","Sem lacuna")))) -> Média | Q19: =IF(AND(C19="",E19=""),"",IF(K19="","—",IF(N19<>"","Concluída",IF(AND(M19<>"",N($E$8)>M19),"Atrasada","No prazo")))) -> Concluída | R19: =IF(AND(C19="",E19=""),"",IF(I19="","Falta a situação",IF(AND(OR(I19="Atende em parte",I19="Não atende"),K19=""),"Lacuna sem ação",IF(AND(K19<>"",M19=""),"Falta o prazo",IF(AND(K19<>"",L19=""),"Falta o responsável",IF(AND(I19="Atende",J19=""),"Falta a evidência","OK")))))) -> OK
B20: 5 | C20: M5 | D20: 6.3 | E20: Planejamento de mudanças | F20: Reforçado | G20: Médio | H20: A última mudança importante no sistema teve plano, comunicação e análise do resultado? | I20: Atende em parte | J20: Inclusão do salão no sistema planejada na análise crítica de 14/12/2026, com responsável e prazo; a atualização de versão do sistema de pedidos, em abril de 2027, foi feita sem plano | K20: Criar uma rotina simples de planejar mudanças no sistema. | L20: Gerente da loja | M20: 46767 | O20: =IF(OR(I20="",G20=""),"",IF(G20="Alto",3,IF(G20="Médio",2,IF(G20="Baixo",1,0)))*IF(I20="Não atende",2,IF(I20="Atende em parte",1,0))) -> 2 | P20: =IF(O20="","",IF(O20>=4,"Alta",IF(O20>=2,"Média",IF(O20>=1,"Baixa","Sem lacuna")))) -> Média | Q20: =IF(AND(C20="",E20=""),"",IF(K20="","—",IF(N20<>"","Concluída",IF(AND(M20<>"",N($E$8)>M20),"Atrasada","No prazo")))) -> No prazo | R20: =IF(AND(C20="",E20=""),"",IF(I20="","Falta a situação",IF(AND(OR(I20="Atende em parte",I20="Não atende"),K20=""),"Lacuna sem ação",IF(AND(K20<>"",M20=""),"Falta o prazo",IF(AND(K20<>"",L20=""),"Falta o responsável",IF(AND(I20="Atende",J20=""),"Falta a evidência","OK")))))) -> OK
B21: 6 | C21: M6 | D21: 7.3 | E21: Conscientização sobre cultura e ética | F21: Novo | G21: Médio | H21: As pessoas sabem dizer que comportamento a organização espera delas, e por quê? | I21: Não atende | K21: Conversa com toda a equipe sobre a política e os comportamentos esperados. | L21: Gerente da loja | M21: 46767 | O21: =IF(OR(I21="",G21=""),"",IF(G21="Alto",3,IF(G21="Médio",2,IF(G21="Baixo",1,0)))*IF(I21="Não atende",2,IF(I21="Atende em parte",1,0))) -> 4 | P21: =IF(O21="","",IF(O21>=4,"Alta",IF(O21>=2,"Média",IF(O21>=1,"Baixa","Sem lacuna")))) -> Alta | Q21: =IF(AND(C21="",E21=""),"",IF(K21="","—",IF(N21<>"","Concluída",IF(AND(M21<>"",N($E$8)>M21),"Atrasada","No prazo")))) -> No prazo | R21: =IF(AND(C21="",E21=""),"",IF(I21="","Falta a situação",IF(AND(OR(I21="Atende em parte",I21="Não atende"),K21=""),"Lacuna sem ação",IF(AND(K21<>"",M21=""),"Falta o prazo",IF(AND(K21<>"",L21=""),"Falta o responsável",IF(AND(I21="Atende",J21=""),"Falta a evidência","OK")))))) -> OK
B22: 7 | C22: M7 | D22: 3 | E22: Termos essenciais dentro da norma | F22: Esclarecimento | G22: Baixo | H22: Os documentos internos usam os termos como a norma nova os define? | I22: Atende | J22: Termos lidos; a loja não tem glossário próprio | O22: =IF(OR(I22="",G22=""),"",IF(G22="Alto",3,IF(G22="Médio",2,IF(G22="Baixo",1,0)))*IF(I22="Não atende",2,IF(I22="Atende em parte",1,0))) -> 0 | P22: =IF(O22="","",IF(O22>=4,"Alta",IF(O22>=2,"Média",IF(O22>=1,"Baixa","Sem lacuna")))) -> Sem lacuna | Q22: =IF(AND(C22="",E22=""),"",IF(K22="","—",IF(N22<>"","Concluída",IF(AND(M22<>"",N($E$8)>M22),"Atrasada","No prazo")))) -> — | R22: =IF(AND(C22="",E22=""),"",IF(I22="","Falta a situação",IF(AND(OR(I22="Atende em parte",I22="Não atende"),K22=""),"Lacuna sem ação",IF(AND(K22<>"",M22=""),"Falta o prazo",IF(AND(K22<>"",L22=""),"Falta o responsável",IF(AND(I22="Atende",J22=""),"Falta a evidência","OK")))))) -> OK
B23: 8 | C23: M8 | D23: Estrutura | E23: Estrutura harmonizada atualizada | F23: Esclarecimento | G23: Baixo | H23: Os documentos que citam números de requisitos continuam certos? | I23: Atende | J23: Matriz de requisitos conferida | O23: =IF(OR(I23="",G23=""),"",IF(G23="Alto",3,IF(G23="Médio",2,IF(G23="Baixo",1,0)))*IF(I23="Não atende",2,IF(I23="Atende em parte",1,0))) -> 0 | P23: =IF(O23="","",IF(O23>=4,"Alta",IF(O23>=2,"Média",IF(O23>=1,"Baixa","Sem lacuna")))) -> Sem lacuna | Q23: =IF(AND(C23="",E23=""),"",IF(K23="","—",IF(N23<>"","Concluída",IF(AND(M23<>"",N($E$8)>M23),"Atrasada","No prazo")))) -> — | R23: =IF(AND(C23="",E23=""),"",IF(I23="","Falta a situação",IF(AND(OR(I23="Atende em parte",I23="Não atende"),K23=""),"Lacuna sem ação",IF(AND(K23<>"",M23=""),"Falta o prazo",IF(AND(K23<>"",L23=""),"Falta o responsável",IF(AND(I23="Atende",J23=""),"Falta a evidência","OK")))))) -> OK
B24: 9 | C24: M9 | D24: Anexo A | E24: Anexo A ampliado | F24: Esclarecimento | G24: Baixo | H24: Quem interpreta a norma na organização leu o anexo novo? | I24: Atende | J24: Anexo A lido na preparação | O24: =IF(OR(I24="",G24=""),"",IF(G24="Alto",3,IF(G24="Médio",2,IF(G24="Baixo",1,0)))*IF(I24="Não atende",2,IF(I24="Atende em parte",1,0))) -> 0 | P24: =IF(O24="","",IF(O24>=4,"Alta",IF(O24>=2,"Média",IF(O24>=1,"Baixa","Sem lacuna")))) -> Sem lacuna | Q24: =IF(AND(C24="",E24=""),"",IF(K24="","—",IF(N24<>"","Concluída",IF(AND(M24<>"",N($E$8)>M24),"Atrasada","No prazo")))) -> — | R24: =IF(AND(C24="",E24=""),"",IF(I24="","Falta a situação",IF(AND(OR(I24="Atende em parte",I24="Não atende"),K24=""),"Lacuna sem ação",IF(AND(K24<>"",M24=""),"Falta o prazo",IF(AND(K24<>"",L24=""),"Falta o responsável",IF(AND(I24="Atende",J24=""),"Falta a evidência","OK")))))) -> OK
B26: Plano de transição
B27: # | C27: Etapa | F27: Dias antes | G27: Limite | I27: Feito em | J27: Situação
B28: 1 | C28: Comprar e ler a norma nova | F28: 180 | G28: =IF($E$9="","",$E$9-F28) -> 46618 | I28: 46670 | J28: =IF(G28="","",IF(I28<>"",IF(I28<=G28,"Feito no prazo","Feito fora do prazo"),IF(N($E$8)=0,"",IF($E$8>G28,"Atrasado",IF(G28-$E$8<=30,"Vence em 30 dias","Previsto"))))) -> Feito fora do prazo
B29: 2 | C29: Diagnóstico das mudanças | F29: 150 | G29: =IF($E$9="","",$E$9-F29) -> 46648 | I29: 46721 | J29: =IF(G29="","",IF(I29<>"",IF(I29<=G29,"Feito no prazo","Feito fora do prazo"),IF(N($E$8)=0,"",IF($E$8>G29,"Atrasado",IF(G29-$E$8<=30,"Vence em 30 dias","Previsto"))))) -> Feito fora do prazo
B30: 3 | C30: Plano de ação aprovado pela direção | F30: 120 | G30: =IF($E$9="","",$E$9-F30) -> 46678 | I30: 46726 | J30: =IF(G30="","",IF(I30<>"",IF(I30<=G30,"Feito no prazo","Feito fora do prazo"),IF(N($E$8)=0,"",IF($E$8>G30,"Atrasado",IF(G30-$E$8<=30,"Vence em 30 dias","Previsto"))))) -> Feito fora do prazo
B31: 4 | C31: Ações concluídas | F31: 60 | G31: =IF($E$9="","",$E$9-F31) -> 46738 | J31: =IF(G31="","",IF(I31<>"",IF(I31<=G31,"Feito no prazo","Feito fora do prazo"),IF(N($E$8)=0,"",IF($E$8>G31,"Atrasado",IF(G31-$E$8<=30,"Vence em 30 dias","Previsto"))))) -> Atrasado
B32: 5 | C32: Conscientização da equipe | F32: 45 | G32: =IF($E$9="","",$E$9-F32) -> 46753 | J32: =IF(G32="","",IF(I32<>"",IF(I32<=G32,"Feito no prazo","Feito fora do prazo"),IF(N($E$8)=0,"",IF($E$8>G32,"Atrasado",IF(G32-$E$8<=30,"Vence em 30 dias","Previsto"))))) -> Atrasado
B33: 6 | C33: Auditoria interna pela edição de 2026 | F33: 30 | G33: =IF($E$9="","",$E$9-F33) -> 46768 | J33: =IF(G33="","",IF(I33<>"",IF(I33<=G33,"Feito no prazo","Feito fora do prazo"),IF(N($E$8)=0,"",IF($E$8>G33,"Atrasado",IF(G33-$E$8<=30,"Vence em 30 dias","Previsto"))))) -> Vence em 30 dias
B34: 7 | C34: Análise crítica com a transição | F34: 15 | G34: =IF($E$9="","",$E$9-F34) -> 46783 | J34: =IF(G34="","",IF(I34<>"",IF(I34<=G34,"Feito no prazo","Feito fora do prazo"),IF(N($E$8)=0,"",IF($E$8>G34,"Atrasado",IF(G34-$E$8<=30,"Vence em 30 dias","Previsto"))))) -> Vence em 30 dias
B35: 8 | C35: Auditoria do organismo | F35: 0 | G35: =IF($E$9="","",$E$9-F35) -> 46798 | J35: =IF(G35="","",IF(I35<>"",IF(I35<=G35,"Feito no prazo","Feito fora do prazo"),IF(N($E$8)=0,"",IF($E$8>G35,"Atrasado",IF(G35-$E$8<=30,"Vence em 30 dias","Previsto"))))) -> Previsto
B37: Resumo automático
B38: Diagnóstico | E38: =COUNTIF(I16:I24,"Atende")&" atende"&", "&COUNTIF(I16:I24,"Atende em parte")&" atende em parte"&", "&COUNTIF(I16:I24,"Não atende")&" não atende"&", "&COUNTIF(I16:I24,"Não se aplica")&" não se aplica"&". Total: "&SUM(O16:O24)&" pontos" -> 4 atende, 3 atende em parte, 2 não atende, 0 não se aplica. Total: 16 pontos
B39: Prioridade | E39: =COUNTIF(P16:P24,"Alta")&" alta"&", "&COUNTIF(P16:P24,"Média")&" média"&", "&COUNTIF(P16:P24,"Baixa")&" baixa"&", "&COUNTIF(P16:P24,"Sem lacuna")&" sem lacuna" -> 2 alta, 2 média, 1 baixa, 4 sem lacuna
B40: Ações | E40: =COUNTIF(Q16:Q24,"Concluída")&" concluída"&", "&COUNTIF(Q16:Q24,"No prazo")&" no prazo"&", "&COUNTIF(Q16:Q24,"Atrasada")&" atrasada" -> 2 concluída, 2 no prazo, 1 atrasada
B41: Plano | E41: =COUNTIF(J28:J35,"Feito no prazo")&" feito no prazo"&", "&COUNTIF(J28:J35,"Feito fora do prazo")&" feito fora do prazo"&", "&COUNTIF(J28:J35,"Atrasado")&" atrasado"&", "&COUNTIF(J28:J35,"Vence em 30 dias")&" vence em 30 dias"&", "&COUNTIF(J28:J35,"Previsto")&" previsto" -> 0 feito no prazo, 3 feito fora do prazo, 2 atrasado, 2 vence em 30 dias, 1 previsto

Sheet Exemplo 2 - Indústria
B1: ISO 9001:2026: o que muda
B2: Exemplo preenchido, para consulta. Use as abas Mudanças e Plano para a sua organização.
B4: Organização | E4: Indústria de embalagens plásticas
B5: Situação | E5: Certificada pela edição de 2015 em 17/12/2027. Transição combinada para a 1ª manutenção.
B6: Auditoria | E6: 1ª manutenção, com a transição
B7: Responsável | E7: Coordenador da Qualidade
B8: Data da leitura | E8: 46934
B9: Data da auditoria | E9: 47079
B10: Fim da transição | E10: 47391
B11: Situação do certificado | E11: Certificado pela edição de 2015
B12: Alerta de prazo | E12: =IF(OR($E$11="",$E$9=""),"",IF(AND($E$11="Certificado pela edição de 2015",$E$9>$E$10),"A auditoria está depois do fim da transição","OK")) -> OK
B14: Diagnóstico das mudanças
B15: # | C15: Código | D15: Onde | E15: Mudança | F15: Tipo | G15: Impacto | H15: Pergunta | I15: Situação | J15: Evidência | K15: Ação | L15: Responsável | M15: Prazo | N15: Concluída em | O15: Pontos | P15: Prioridade | Q15: Ação | R15: Conferência
B16: 1 | C16: M1 | D16: 4.1 e 4.2 | E16: Mudança climática no contexto | F16: Incorporado | G16: Baixo | H16: A análise de contexto e a lista de partes interessadas dizem se o clima afeta a organização? | I16: Atende | J16: Calor no salão de impressão medido e avaliado como questão pertinente | O16: =IF(OR(I16="",G16=""),"",IF(G16="Alto",3,IF(G16="Médio",2,IF(G16="Baixo",1,0)))*IF(I16="Não atende",2,IF(I16="Atende em parte",1,0))) -> 0 | P16: =IF(O16="","",IF(O16>=4,"Alta",IF(O16>=2,"Média",IF(O16>=1,"Baixa","Sem lacuna")))) -> Sem lacuna | Q16: =IF(AND(C16="",E16=""),"",IF(K16="","—",IF(N16<>"","Concluída",IF(AND(M16<>"",N($E$8)>M16),"Atrasada","No prazo")))) -> — | R16: =IF(AND(C16="",E16=""),"",IF(I16="","Falta a situação",IF(AND(OR(I16="Atende em parte",I16="Não atende"),K16=""),"Lacuna sem ação",IF(AND(K16<>"",M16=""),"Falta o prazo",IF(AND(K16<>"",L16=""),"Falta o responsável",IF(AND(I16="Atende",J16=""),"Falta a evidência","OK")))))) -> OK
B17: 2 | C17: M2 | D17: 5.1.1 | E17: Cultura da qualidade e comportamento ético | F17: Novo | G17: Alto | H17: Como a direção mostra, na prática, a cultura da qualidade e o comportamento ético que espera? | I17: Atende em parte | J17: Compromissos da direção de 2027, sem cultura e ética | K17: Código de conduta e comportamentos esperados, apresentados pela direção. | L17: Diretor geral | M17: 46996 | O17: =IF(OR(I17="",G17=""),"",IF(G17="Alto",3,IF(G17="Médio",2,IF(G17="Baixo",1,0)))*IF(I17="Não atende",2,IF(I17="Atende em parte",1,0))) -> 3 | P17: =IF(O17="","",IF(O17>=4,"Alta",IF(O17>=2,"Média",IF(O17>=1,"Baixa","Sem lacuna")))) -> Média | Q17: =IF(AND(C17="",E17=""),"",IF(K17="","—",IF(N17<>"","Concluída",IF(AND(M17<>"",N($E$8)>M17),"Atrasada","No prazo")))) -> No prazo | R17: =IF(AND(C17="",E17=""),"",IF(I17="","Falta a situação",IF(AND(OR(I17="Atende em parte",I17="Não atende"),K17=""),"Lacuna sem ação",IF(AND(K17<>"",M17=""),"Falta o prazo",IF(AND(K17<>"",L17=""),"Falta o responsável",IF(AND(I17="Atende",J17=""),"Falta a evidência","OK")))))) -> OK
B18: 3 | C18: M3 | D18: 5.2 | E18: Política ligada à direção estratégica | F18: Reforçado | G18: Médio | H18: A política conversa com a estratégia e com o contexto, e os objetivos saem dela? | I18: Atende | J18: Política revisada com a SWOT e o objetivo O4 | O18: =IF(OR(I18="",G18=""),"",IF(G18="Alto",3,IF(G18="Médio",2,IF(G18="Baixo",1,0)))*IF(I18="Não atende",2,IF(I18="Atende em parte",1,0))) -> 0 | P18: =IF(O18="","",IF(O18>=4,"Alta",IF(O18>=2,"Média",IF(O18>=1,"Baixa","Sem lacuna")))) -> Sem lacuna | Q18: =IF(AND(C18="",E18=""),"",IF(K18="","—",IF(N18<>"","Concluída",IF(AND(M18<>"",N($E$8)>M18),"Atrasada","No prazo")))) -> — | R18: =IF(AND(C18="",E18=""),"",IF(I18="","Falta a situação",IF(AND(OR(I18="Atende em parte",I18="Não atende"),K18=""),"Lacuna sem ação",IF(AND(K18<>"",M18=""),"Falta o prazo",IF(AND(K18<>"",L18=""),"Falta o responsável",IF(AND(I18="Atende",J18=""),"Falta a evidência","OK")))))) -> OK
B19: 4 | C19: M4 | D19: 6.1 | E19: Riscos e oportunidades separados | F19: Reestruturado | G19: Alto | H19: Os riscos e as oportunidades estão em listas separadas, cada uma com análise, ação e eficácia? | I19: Atende | J19: Riscos C1 a C8 e quatro oportunidades em listas separadas, desde 2026 | O19: =IF(OR(I19="",G19=""),"",IF(G19="Alto",3,IF(G19="Médio",2,IF(G19="Baixo",1,0)))*IF(I19="Não atende",2,IF(I19="Atende em parte",1,0))) -> 0 | P19: =IF(O19="","",IF(O19>=4,"Alta",IF(O19>=2,"Média",IF(O19>=1,"Baixa","Sem lacuna")))) -> Sem lacuna | Q19: =IF(AND(C19="",E19=""),"",IF(K19="","—",IF(N19<>"","Concluída",IF(AND(M19<>"",N($E$8)>M19),"Atrasada","No prazo")))) -> — | R19: =IF(AND(C19="",E19=""),"",IF(I19="","Falta a situação",IF(AND(OR(I19="Atende em parte",I19="Não atende"),K19=""),"Lacuna sem ação",IF(AND(K19<>"",M19=""),"Falta o prazo",IF(AND(K19<>"",L19=""),"Falta o responsável",IF(AND(I19="Atende",J19=""),"Falta a evidência","OK")))))) -> OK
B20: 5 | C20: M5 | D20: 6.3 | E20: Planejamento de mudanças | F20: Reforçado | G20: Médio | H20: A última mudança importante no sistema teve plano, comunicação e análise do resultado? | I20: Não atende | K20: Procedimento de mudanças do sistema, com plano, comunicação e análise do efeito. | L20: Coordenador da Qualidade | M20: 46996 | O20: =IF(OR(I20="",G20=""),"",IF(G20="Alto",3,IF(G20="Médio",2,IF(G20="Baixo",1,0)))*IF(I20="Não atende",2,IF(I20="Atende em parte",1,0))) -> 4 | P20: =IF(O20="","",IF(O20>=4,"Alta",IF(O20>=2,"Média",IF(O20>=1,"Baixa","Sem lacuna")))) -> Alta | Q20: =IF(AND(C20="",E20=""),"",IF(K20="","—",IF(N20<>"","Concluída",IF(AND(M20<>"",N($E$8)>M20),"Atrasada","No prazo")))) -> No prazo | R20: =IF(AND(C20="",E20=""),"",IF(I20="","Falta a situação",IF(AND(OR(I20="Atende em parte",I20="Não atende"),K20=""),"Lacuna sem ação",IF(AND(K20<>"",M20=""),"Falta o prazo",IF(AND(K20<>"",L20=""),"Falta o responsável",IF(AND(I20="Atende",J20=""),"Falta a evidência","OK")))))) -> OK
B21: 6 | C21: M6 | D21: 7.3 | E21: Conscientização sobre cultura e ética | F21: Novo | G21: Médio | H21: As pessoas sabem dizer que comportamento a organização espera delas, e por quê? | I21: Não atende | K21: Incluir cultura e ética nas entrevistas de conscientização e na integração. | L21: Gerente de RH | M21: 47026 | O21: =IF(OR(I21="",G21=""),"",IF(G21="Alto",3,IF(G21="Médio",2,IF(G21="Baixo",1,0)))*IF(I21="Não atende",2,IF(I21="Atende em parte",1,0))) -> 4 | P21: =IF(O21="","",IF(O21>=4,"Alta",IF(O21>=2,"Média",IF(O21>=1,"Baixa","Sem lacuna")))) -> Alta | Q21: =IF(AND(C21="",E21=""),"",IF(K21="","—",IF(N21<>"","Concluída",IF(AND(M21<>"",N($E$8)>M21),"Atrasada","No prazo")))) -> No prazo | R21: =IF(AND(C21="",E21=""),"",IF(I21="","Falta a situação",IF(AND(OR(I21="Atende em parte",I21="Não atende"),K21=""),"Lacuna sem ação",IF(AND(K21<>"",M21=""),"Falta o prazo",IF(AND(K21<>"",L21=""),"Falta o responsável",IF(AND(I21="Atende",J21=""),"Falta a evidência","OK")))))) -> OK
B22: 7 | C22: M7 | D22: 3 | E22: Termos essenciais dentro da norma | F22: Esclarecimento | G22: Baixo | H22: Os documentos internos usam os termos como a norma nova os define? | I22: Atende em parte | J22: Glossário da lista mestra com os termos de 2015 | K22: Atualizar o glossário com os termos da norma nova. | L22: Coordenador da Qualidade | M22: 46904 | O22: =IF(OR(I22="",G22=""),"",IF(G22="Alto",3,IF(G22="Médio",2,IF(G22="Baixo",1,0)))*IF(I22="Não atende",2,IF(I22="Atende em parte",1,0))) -> 1 | P22: =IF(O22="","",IF(O22>=4,"Alta",IF(O22>=2,"Média",IF(O22>=1,"Baixa","Sem lacuna")))) -> Baixa | Q22: =IF(AND(C22="",E22=""),"",IF(K22="","—",IF(N22<>"","Concluída",IF(AND(M22<>"",N($E$8)>M22),"Atrasada","No prazo")))) -> Atrasada | R22: =IF(AND(C22="",E22=""),"",IF(I22="","Falta a situação",IF(AND(OR(I22="Atende em parte",I22="Não atende"),K22=""),"Lacuna sem ação",IF(AND(K22<>"",M22=""),"Falta o prazo",IF(AND(K22<>"",L22=""),"Falta o responsável",IF(AND(I22="Atende",J22=""),"Falta a evidência","OK")))))) -> OK
B23: 8 | C23: M8 | D23: Estrutura | E23: Estrutura harmonizada atualizada | F23: Esclarecimento | G23: Baixo | H23: Os documentos que citam números de requisitos continuam certos? | I23: Atende | J23: Matriz de requisitos e procedimentos conferidos | O23: =IF(OR(I23="",G23=""),"",IF(G23="Alto",3,IF(G23="Médio",2,IF(G23="Baixo",1,0)))*IF(I23="Não atende",2,IF(I23="Atende em parte",1,0))) -> 0 | P23: =IF(O23="","",IF(O23>=4,"Alta",IF(O23>=2,"Média",IF(O23>=1,"Baixa","Sem lacuna")))) -> Sem lacuna | Q23: =IF(AND(C23="",E23=""),"",IF(K23="","—",IF(N23<>"","Concluída",IF(AND(M23<>"",N($E$8)>M23),"Atrasada","No prazo")))) -> — | R23: =IF(AND(C23="",E23=""),"",IF(I23="","Falta a situação",IF(AND(OR(I23="Atende em parte",I23="Não atende"),K23=""),"Lacuna sem ação",IF(AND(K23<>"",M23=""),"Falta o prazo",IF(AND(K23<>"",L23=""),"Falta o responsável",IF(AND(I23="Atende",J23=""),"Falta a evidência","OK")))))) -> OK
B24: 9 | C24: M9 | D24: Anexo A | E24: Anexo A ampliado | F24: Esclarecimento | G24: Baixo | H24: Quem interpreta a norma na organização leu o anexo novo? | I24: Atende | J24: Anexo A lido pelos auditores internos | O24: =IF(OR(I24="",G24=""),"",IF(G24="Alto",3,IF(G24="Médio",2,IF(G24="Baixo",1,0)))*IF(I24="Não atende",2,IF(I24="Atende em parte",1,0))) -> 0 | P24: =IF(O24="","",IF(O24>=4,"Alta",IF(O24>=2,"Média",IF(O24>=1,"Baixa","Sem lacuna")))) -> Sem lacuna | Q24: =IF(AND(C24="",E24=""),"",IF(K24="","—",IF(N24<>"","Concluída",IF(AND(M24<>"",N($E$8)>M24),"Atrasada","No prazo")))) -> — | R24: =IF(AND(C24="",E24=""),"",IF(I24="","Falta a situação",IF(AND(OR(I24="Atende em parte",I24="Não atende"),K24=""),"Lacuna sem ação",IF(AND(K24<>"",M24=""),"Falta o prazo",IF(AND(K24<>"",L24=""),"Falta o responsável",IF(AND(I24="Atende",J24=""),"Falta a evidência","OK")))))) -> OK
B26: Plano de transição
B27: # | C27: Etapa | F27: Dias antes | G27: Limite | I27: Feito em | J27: Situação
B28: 1 | C28: Comprar e ler a norma nova | F28: 180 | G28: =IF($E$9="","",$E$9-F28) -> 46899 | I28: 46428 | J28: =IF(G28="","",IF(I28<>"",IF(I28<=G28,"Feito no prazo","Feito fora do prazo"),IF(N($E$8)=0,"",IF($E$8>G28,"Atrasado",IF(G28-$E$8<=30,"Vence em 30 dias","Previsto"))))) -> Feito no prazo
B29: 2 | C29: Diagnóstico das mudanças | F29: 150 | G29: =IF($E$9="","",$E$9-F29) -> 46929 | I29: 46832 | J29: =IF(G29="","",IF(I29<>"",IF(I29<=G29,"Feito no prazo","Feito fora do prazo"),IF(N($E$8)=0,"",IF($E$8>G29,"Atrasado",IF(G29-$E$8<=30,"Vence em 30 dias","Previsto"))))) -> Feito no prazo
B30: 3 | C30: Plano de ação aprovado pela direção | F30: 120 | G30: =IF($E$9="","",$E$9-F30) -> 46959 | I30: 46853 | J30: =IF(G30="","",IF(I30<>"",IF(I30<=G30,"Feito no prazo","Feito fora do prazo"),IF(N($E$8)=0,"",IF($E$8>G30,"Atrasado",IF(G30-$E$8<=30,"Vence em 30 dias","Previsto"))))) -> Feito no prazo
B31: 4 | C31: Ações concluídas | F31: 60 | G31: =IF($E$9="","",$E$9-F31) -> 47019 | J31: =IF(G31="","",IF(I31<>"",IF(I31<=G31,"Feito no prazo","Feito fora do prazo"),IF(N($E$8)=0,"",IF($E$8>G31,"Atrasado",IF(G31-$E$8<=30,"Vence em 30 dias","Previsto"))))) -> Previsto
B32: 5 | C32: Conscientização da equipe | F32: 45 | G32: =IF($E$9="","",$E$9-F32) -> 47034 | J32: =IF(G32="","",IF(I32<>"",IF(I32<=G32,"Feito no prazo","Feito fora do prazo"),IF(N($E$8)=0,"",IF($E$8>G32,"Atrasado",IF(G32-$E$8<=30,"Vence em 30 dias","Previsto"))))) -> Previsto
B33: 6 | C33: Auditoria interna pela edição de 2026 | F33: 30 | G33: =IF($E$9="","",$E$9-F33) -> 47049 | J33: =IF(G33="","",IF(I33<>"",IF(I33<=G33,"Feito no prazo","Feito fora do prazo"),IF(N($E$8)=0,"",IF($E$8>G33,"Atrasado",IF(G33-$E$8<=30,"Vence em 30 dias","Previsto"))))) -> Previsto
B34: 7 | C34: Análise crítica com a transição | F34: 15 | G34: =IF($E$9="","",$E$9-F34) -> 47064 | J34: =IF(G34="","",IF(I34<>"",IF(I34<=G34,"Feito no prazo","Feito fora do prazo"),IF(N($E$8)=0,"",IF($E$8>G34,"Atrasado",IF(G34-$E$8<=30,"Vence em 30 dias","Previsto"))))) -> Previsto
B35: 8 | C35: Auditoria do organismo | F35: 0 | G35: =IF($E$9="","",$E$9-F35) -> 47079 | J35: =IF(G35="","",IF(I35<>"",IF(I35<=G35,"Feito no prazo","Feito fora do prazo"),IF(N($E$8)=0,"",IF($E$8>G35,"Atrasado",IF(G35-$E$8<=30,"Vence em 30 dias","Previsto"))))) -> Previsto
B37: Resumo automático
B38: Diagnóstico | E38: =COUNTIF(I16:I24,"Atende")&" atende"&", "&COUNTIF(I16:I24,"Atende em parte")&" atende em parte"&", "&COUNTIF(I16:I24,"Não atende")&" não atende"&", "&COUNTIF(I16:I24,"Não se aplica")&" não se aplica"&". Total: "&SUM(O16:O24)&" pontos" -> 5 atende, 2 atende em parte, 2 não atende, 0 não se aplica. Total: 12 pontos
B39: Prioridade | E39: =COUNTIF(P16:P24,"Alta")&" alta"&", "&COUNTIF(P16:P24,"Média")&" média"&", "&COUNTIF(P16:P24,"Baixa")&" baixa"&", "&COUNTIF(P16:P24,"Sem lacuna")&" sem lacuna" -> 2 alta, 1 média, 1 baixa, 5 sem lacuna
B40: Ações | E40: =COUNTIF(Q16:Q24,"Concluída")&" concluída"&", "&COUNTIF(Q16:Q24,"No prazo")&" no prazo"&", "&COUNTIF(Q16:Q24,"Atrasada")&" atrasada" -> 0 concluída, 3 no prazo, 1 atrasada
B41: Plano | E41: =COUNTIF(J28:J35,"Feito no prazo")&" feito no prazo"&", "&COUNTIF(J28:J35,"Feito fora do prazo")&" feito fora do prazo"&", "&COUNTIF(J28:J35,"Atrasado")&" atrasado"&", "&COUNTIF(J28:J35,"Vence em 30 dias")&" vence em 30 dias"&", "&COUNTIF(J28:J35,"Previsto")&" previsto" -> 3 feito no prazo, 0 feito fora do prazo, 0 atrasado, 0 vence em 30 dias, 5 previsto
