Workbook

Sheet Instruções
B1: Escopo e liderança — Como usar esta planilha
B2: Modelo para escrever o escopo, decidir a aplicabilidade de cada requisito e registrar como a direção demonstra a liderança.
B4: Legenda: onde preencher
B5: Amarelo-claro | C5: Células de entrada. É aqui que você digita.
B6: Cinza | C6: Células calculadas ou fixas (requisitos, compromissos, conferências, avisos). Não altere.
B7: Listas suspensas | C7: Aplica-se, efeito no cliente, situação do compromisso e checklist aceitam apenas as opções da lista.
B8: Comentários | C8: Células com triângulo vermelho no canto trazem uma dica de preenchimento. Passe o mouse sobre elas.
B10: As regras de cálculo
B11: Pode não se aplicar | C11: Os requisitos 7.1.5, 8.3, 8.5.3 e 8.5.5. Podem ser declarados não aplicáveis, com justificativa, se a ausência não afetar o cliente.
B12: Aplica-se sempre | C12: Todos os outros. Marcar “Não” neles gera o aviso “requisito que se aplica sempre”.
B13: Exclusão indevida | C13: Requisito declarado não aplicável cuja ausência afeta a conformidade do produto ou a satisfação do cliente.
B14: Falta a ação | C14: Compromisso “Parcial” ou “Não demonstrado” sem ação.
B15: Falta o registro | C15: Compromisso “Demonstrado” sem dizer onde fica a evidência.
B17: Ordem recomendada de preenchimento
B18: Passo 1 | C18: Aba Escopo: escreva a organização, as unidades, os produtos e serviços, os processos e os processos terceirizados.
B19: Passo 2 | C19: Aba Escopo: escreva o que fica fora, se houver, e por quê.
B20: Passo 3 | C20: Aba Aplicabilidade: para cada requisito, diga se se aplica. Para os que não se aplicam, escreva a justificativa e avalie o efeito no cliente.
B21: Passo 4 | C21: Aba Escopo: escreva a declaração, a revisão e quem aprovou.
B22: Passo 5 | C22: Aba Liderança: para cada compromisso, o que a direção faz, a frequência, o registro, a situação e, se preciso, a ação.
B23: Passo 6 | C23: Aba Painel: leia os avisos. Depois, valide na aba Checklist.
B25: Abas da planilha
B26: Escopo | C26: Os campos do escopo, com a conferência dos obrigatórios: unidades, produtos e serviços, processos, declaração e aprovação.
B27: Aplicabilidade | C27: Os 45 requisitos do estudo da ISO 9001, com a decisão e a conferência de cada um.
B28: Liderança | C28: Os 10 compromissos da direção, com evidência, situação e ação.
B29: Painel | C29: Os indicadores, os compromissos por situação, o gráfico e o aviso.
B30: Checklist | C30: Doze verificações do escopo e da liderança, com percentual de conclusão.
B31: Exemplo 1 - Pizzaria | C31: O primeiro escopo da loja, em rascunho, e a liderança do dono.
B32: Exemplo 2 - Indústria | C32: A revisão do escopo antes da certificação, e a liderança da diretoria.
B34: Regras e premissas do modelo
B35: Lista de requisitos | C35: A mesma do estudo ISO 9001 requisito a requisito: 45 itens, com alguns subitens agrupados.
B36: Requisitos que podem não se aplicar | C36: Convenção deste material, a partir da prática. A norma não traz uma lista; ela pede justificativa e que a ausência não afete o cliente.
B37: Exemplos | C37: Os dados das abas de exemplo são ilustrativos, criados para este material.

Sheet Escopo
B1: Escopo do sistema de gestão da qualidade
B2: O que, onde e como o sistema cobre. Os requisitos não aplicáveis ficam na aba Aplicabilidade.
B4: Organização | D4: Conferência
B5: Unidades e locais | D5: =IF(C5="","Falta: unidades e locais","OK") -> Falta: unidades e locais
B6: Produtos e serviços | D6: =IF(C6="","Falta: produtos e serviços","OK") -> Falta: produtos e serviços
B7: Processos | D7: =IF(C7="","Falta: processos","OK") -> Falta: processos
B8: Processos terceirizados | D8: Opcional
B9: Fora do escopo | D9: Opcional
B10: Declaração de escopo | D10: =IF(C10="","Falta: declaração de escopo","OK") -> Falta: declaração de escopo
B11: Revisão e data | D11: Opcional
B12: Aprovado por | D12: =IF(C12="","Falta: aprovado por","OK") -> Falta: aprovado por
B14: Resumo automático
B15: Campos obrigatórios preenchidos | C15: =COUNTIF(D5:D12,"OK")&" de 5" -> 0 de 5
B16: Requisitos não aplicáveis | C16: =COUNTIF(Aplicabilidade!E7:E51,"Não")&" de 45: veja a aba Aplicabilidade" -> 0 de 45: veja a aba Aplicabilidade
B17: Aviso | C17: =IF(C4="","Escreva a organização",IF(COUNTIF(D5:D12,"OK")<5,"Há campo obrigatório em branco",IF(COUNTIF(Aplicabilidade!H7:H51,"Exclusão indevida")+COUNTIF(Aplicabilidade!H7:H51,"Requisito que se aplica sempre")>0,"Há requisito declarado não aplicável que se aplica",IF(SUMPRODUCT((Aplicabilidade!H7:H51<>"OK")*1)>0,"Há requisito a decidir ou a completar na aba Aplicabilidade","OK")))) -> Escreva a organização

Sheet Aplicabilidade
B1: Aplicabilidade dos requisitos
B2: Requisito por requisito: aplica-se? Para os que não se aplicam, a justificativa e o efeito no cliente.
B4: Requisito | C4: Título | D4: Pode não se aplicar? | E4: Aplica-se? | F4: Justificativa, se não se aplica | G4: Afeta o cliente? | H4: Conferência
C5: Do estudo da ISO 9001 | D5: Convenção do material | E5: Lista | F5: Por que nenhuma atividade se liga a ele | G5: Lista | H5: Calculada
B6: Ex. | C6: Projeto e desenvolvimento de produtos e serviços | D6: Pode não se aplicar | E6: Não | F6: Produzimos só pelo desenho e pela especificação do cliente, sem alterar nada. | G6: Não | H6: OK
B7: 4.1 | C7: Entendendo a organização e seu contexto | D7: Aplica-se sempre | H7: =IF(E7="","Falta decidir",IF(E7="Sim","OK",IF(D7="Aplica-se sempre","Requisito que se aplica sempre",IF(F7="","Falta a justificativa",IF(G7="","Falta avaliar o efeito",IF(G7="Sim","Exclusão indevida","OK")))))) -> Falta decidir
B8: 4.2 | C8: Entendendo as necessidades e expectativas de partes interessadas | D8: Aplica-se sempre | H8: =IF(E8="","Falta decidir",IF(E8="Sim","OK",IF(D8="Aplica-se sempre","Requisito que se aplica sempre",IF(F8="","Falta a justificativa",IF(G8="","Falta avaliar o efeito",IF(G8="Sim","Exclusão indevida","OK")))))) -> Falta decidir
B9: 4.3 | C9: Determinando o escopo do sistema de gestão da qualidade | D9: Aplica-se sempre | H9: =IF(E9="","Falta decidir",IF(E9="Sim","OK",IF(D9="Aplica-se sempre","Requisito que se aplica sempre",IF(F9="","Falta a justificativa",IF(G9="","Falta avaliar o efeito",IF(G9="Sim","Exclusão indevida","OK")))))) -> Falta decidir
B10: 4.4 | C10: Sistema de gestão da qualidade e seus processos | D10: Aplica-se sempre | H10: =IF(E10="","Falta decidir",IF(E10="Sim","OK",IF(D10="Aplica-se sempre","Requisito que se aplica sempre",IF(F10="","Falta a justificativa",IF(G10="","Falta avaliar o efeito",IF(G10="Sim","Exclusão indevida","OK")))))) -> Falta decidir
B11: 5.1.1 | C11: Liderança e comprometimento: generalidades | D11: Aplica-se sempre | H11: =IF(E11="","Falta decidir",IF(E11="Sim","OK",IF(D11="Aplica-se sempre","Requisito que se aplica sempre",IF(F11="","Falta a justificativa",IF(G11="","Falta avaliar o efeito",IF(G11="Sim","Exclusão indevida","OK")))))) -> Falta decidir
B12: 5.1.2 | C12: Foco no cliente | D12: Aplica-se sempre | H12: =IF(E12="","Falta decidir",IF(E12="Sim","OK",IF(D12="Aplica-se sempre","Requisito que se aplica sempre",IF(F12="","Falta a justificativa",IF(G12="","Falta avaliar o efeito",IF(G12="Sim","Exclusão indevida","OK")))))) -> Falta decidir
B13: 5.2 | C13: Política | D13: Aplica-se sempre | H13: =IF(E13="","Falta decidir",IF(E13="Sim","OK",IF(D13="Aplica-se sempre","Requisito que se aplica sempre",IF(F13="","Falta a justificativa",IF(G13="","Falta avaliar o efeito",IF(G13="Sim","Exclusão indevida","OK")))))) -> Falta decidir
B14: 5.3 | C14: Papéis, responsabilidades e autoridades organizacionais | D14: Aplica-se sempre | H14: =IF(E14="","Falta decidir",IF(E14="Sim","OK",IF(D14="Aplica-se sempre","Requisito que se aplica sempre",IF(F14="","Falta a justificativa",IF(G14="","Falta avaliar o efeito",IF(G14="Sim","Exclusão indevida","OK")))))) -> Falta decidir
B15: 6.1 | C15: Ações para abordar riscos e oportunidades | D15: Aplica-se sempre | H15: =IF(E15="","Falta decidir",IF(E15="Sim","OK",IF(D15="Aplica-se sempre","Requisito que se aplica sempre",IF(F15="","Falta a justificativa",IF(G15="","Falta avaliar o efeito",IF(G15="Sim","Exclusão indevida","OK")))))) -> Falta decidir
B16: 6.2 | C16: Objetivos da qualidade e planejamento para alcançá-los | D16: Aplica-se sempre | H16: =IF(E16="","Falta decidir",IF(E16="Sim","OK",IF(D16="Aplica-se sempre","Requisito que se aplica sempre",IF(F16="","Falta a justificativa",IF(G16="","Falta avaliar o efeito",IF(G16="Sim","Exclusão indevida","OK")))))) -> Falta decidir
B17: 6.3 | C17: Planejamento de mudanças | D17: Aplica-se sempre | H17: =IF(E17="","Falta decidir",IF(E17="Sim","OK",IF(D17="Aplica-se sempre","Requisito que se aplica sempre",IF(F17="","Falta a justificativa",IF(G17="","Falta avaliar o efeito",IF(G17="Sim","Exclusão indevida","OK")))))) -> Falta decidir
B18: 7.1.1 | C18: Recursos: generalidades e pessoas (7.1.1 e 7.1.2) | D18: Aplica-se sempre | H18: =IF(E18="","Falta decidir",IF(E18="Sim","OK",IF(D18="Aplica-se sempre","Requisito que se aplica sempre",IF(F18="","Falta a justificativa",IF(G18="","Falta avaliar o efeito",IF(G18="Sim","Exclusão indevida","OK")))))) -> Falta decidir
... B51: 10.3 | C51: Melhoria contínua | D51: Aplica-se sempre | H51: =IF(E51="","Falta decidir",IF(E51="Sim","OK",IF(D51="Aplica-se sempre","Requisito que se aplica sempre",IF(F51="","Falta a justificativa",IF(G51="","Falta avaliar o efeito",IF(G51="Sim","Exclusão indevida","OK")))))) -> Falta decidir
B53: Resumo automático
B54: Requisitos decididos | D54: =COUNTA(E7:E51)&" de 45" -> 0 de 45
B55: Aplicáveis e não aplicáveis | D55: =COUNTIF(E7:E51,"Sim")&" aplicáveis, "&COUNTIF(E7:E51,"Não")&" não aplicáveis" -> 0 aplicáveis, 0 não aplicáveis
B56: Aviso | D56: =IF(COUNTA(E7:E51)=0,"Decida a aplicabilidade de cada requisito",IF(COUNTIF(H7:H51,"Exclusão indevida")+COUNTIF(H7:H51,"Requisito que se aplica sempre")>0,"Há requisito declarado não aplicável que se aplica",IF(SUMPRODUCT((H7:H51<>"OK")*1)>0,"Há requisito a decidir ou a completar","OK"))) -> Decida a aplicabilidade de cada requisito

Sheet Liderança
B1: Liderança e comprometimento da direção
B2: Para cada compromisso: o que a direção faz, com que frequência e onde fica o registro. O que é parcial pede ação.
B4: # | C4: Compromisso | D4: O que a direção faz | E4: Frequência | F4: Registro | G4: Situação | H4: Ação | I4: Responsável | J4: Prazo | K4: Conferência
C5: Fixo | D5: Um fato, e não uma intenção | E5: Mensal, anual | F5: Onde a evidência fica | G5: Lista | H5: Se parcial ou não demonstrado | I5: Uma função | J5: Data | K5: Calculada
B6: 1 | C6: Responder pela eficácia do sistema de gestão da qualidade. | K6: =IF(D6="","Falta a evidência",IF(G6="","Falta a situação",IF(AND(OR(G6="Parcial",G6="Não demonstrado"),H6=""),"Falta a ação",IF(AND(H6<>"",OR(I6="",J6="")),"Falta o responsável ou o prazo",IF(AND(G6="Demonstrado",F6=""),"Falta o registro","OK"))))) -> Falta a evidência
B7: 2 | C7: Garantir que a política e os objetivos sejam compatíveis com o contexto e com a estratégia. | K7: =IF(D7="","Falta a evidência",IF(G7="","Falta a situação",IF(AND(OR(G7="Parcial",G7="Não demonstrado"),H7=""),"Falta a ação",IF(AND(H7<>"",OR(I7="",J7="")),"Falta o responsável ou o prazo",IF(AND(G7="Demonstrado",F7=""),"Falta o registro","OK"))))) -> Falta a evidência
B8: 3 | C8: Integrar os requisitos do sistema aos processos do negócio. | K8: =IF(D8="","Falta a evidência",IF(G8="","Falta a situação",IF(AND(OR(G8="Parcial",G8="Não demonstrado"),H8=""),"Falta a ação",IF(AND(H8<>"",OR(I8="",J8="")),"Falta o responsável ou o prazo",IF(AND(G8="Demonstrado",F8=""),"Falta o registro","OK"))))) -> Falta a evidência
B9: 4 | C9: Promover a abordagem de processo e a mentalidade de risco. | K9: =IF(D9="","Falta a evidência",IF(G9="","Falta a situação",IF(AND(OR(G9="Parcial",G9="Não demonstrado"),H9=""),"Falta a ação",IF(AND(H9<>"",OR(I9="",J9="")),"Falta o responsável ou o prazo",IF(AND(G9="Demonstrado",F9=""),"Falta o registro","OK"))))) -> Falta a evidência
B10: 5 | C10: Garantir os recursos necessários ao sistema. | K10: =IF(D10="","Falta a evidência",IF(G10="","Falta a situação",IF(AND(OR(G10="Parcial",G10="Não demonstrado"),H10=""),"Falta a ação",IF(AND(H10<>"",OR(I10="",J10="")),"Falta o responsável ou o prazo",IF(AND(G10="Demonstrado",F10=""),"Falta o registro","OK"))))) -> Falta a evidência
B11: 6 | C11: Comunicar a importância de uma gestão da qualidade eficaz e de atender aos requisitos. | K11: =IF(D11="","Falta a evidência",IF(G11="","Falta a situação",IF(AND(OR(G11="Parcial",G11="Não demonstrado"),H11=""),"Falta a ação",IF(AND(H11<>"",OR(I11="",J11="")),"Falta o responsável ou o prazo",IF(AND(G11="Demonstrado",F11=""),"Falta o registro","OK"))))) -> Falta a evidência
B12: 7 | C12: Garantir que o sistema alcance os resultados pretendidos. | K12: =IF(D12="","Falta a evidência",IF(G12="","Falta a situação",IF(AND(OR(G12="Parcial",G12="Não demonstrado"),H12=""),"Falta a ação",IF(AND(H12<>"",OR(I12="",J12="")),"Falta o responsável ou o prazo",IF(AND(G12="Demonstrado",F12=""),"Falta o registro","OK"))))) -> Falta a evidência
B13: 8 | C13: Engajar, dirigir e apoiar as pessoas para que contribuam com o sistema. | K13: =IF(D13="","Falta a evidência",IF(G13="","Falta a situação",IF(AND(OR(G13="Parcial",G13="Não demonstrado"),H13=""),"Falta a ação",IF(AND(H13<>"",OR(I13="",J13="")),"Falta o responsável ou o prazo",IF(AND(G13="Demonstrado",F13=""),"Falta o registro","OK"))))) -> Falta a evidência
B14: 9 | C14: Promover a melhoria. | K14: =IF(D14="","Falta a evidência",IF(G14="","Falta a situação",IF(AND(OR(G14="Parcial",G14="Não demonstrado"),H14=""),"Falta a ação",IF(AND(H14<>"",OR(I14="",J14="")),"Falta o responsável ou o prazo",IF(AND(G14="Demonstrado",F14=""),"Falta o registro","OK"))))) -> Falta a evidência
B15: 10 | C15: Apoiar os outros gestores a demonstrar liderança nas suas áreas. | K15: =IF(D15="","Falta a evidência",IF(G15="","Falta a situação",IF(AND(OR(G15="Parcial",G15="Não demonstrado"),H15=""),"Falta a ação",IF(AND(H15<>"",OR(I15="",J15="")),"Falta o responsável ou o prazo",IF(AND(G15="Demonstrado",F15=""),"Falta o registro","OK"))))) -> Falta a evidência
B17: Resumo automático
B18: Por situação | D18: =COUNTIF(G6:G15,"Demonstrado")&" demonstrados, "&COUNTIF(G6:G15,"Parcial")&" parciais, "&COUNTIF(G6:G15,"Não demonstrado")&" não demonstrados" -> 0 demonstrados, 0 parciais, 0 não demonstrados
B19: Ações | D19: =COUNTA(H6:H15) -> 0
B20: Aviso | D20: =IF(COUNTA(D6:D15)=0,"Escreva o que a direção faz em cada compromisso",IF(COUNTIF(K6:K15,"OK")<10,"Há compromisso a completar: veja a coluna Conferência",IF(COUNTIF(G6:G15,"Não demonstrado")>0,"Há compromisso não demonstrado: leve à análise crítica","OK"))) -> Escreva o que a direção faz em cada compromisso

Sheet Painel
B1: Painel do escopo e da liderança
B2: Nada a preencher: tudo vem das outras abas.
B3: Organização | C3: =IF(Escopo!C4="","",Escopo!C4)
B5: Indicador | C5: Resultado | D5: Como se lê
B6: Campos obrigatórios do escopo | C6: =COUNTIF(Escopo!D5:D12,"OK")&" de 5" -> 0 de 5 | D6: Unidades, produtos e serviços, processos, declaração e aprovação.
B7: Escopo aprovado | C7: =IF(Escopo!C12="","Não","Sim") -> Não | D7: A direção aprova o escopo.
B8: Requisitos decididos | C8: =COUNTA(Aplicabilidade!E7:E51)&" de 45" -> 0 de 45 | D8: Da aba Aplicabilidade.
B9: Requisitos não aplicáveis | C9: =COUNTIF(Aplicabilidade!E7:E51,"Não") -> 0 | D9: Cada um com justificativa, e sem efeito no cliente.
B10: Não aplicáveis que se aplicam | C10: =COUNTIF(Aplicabilidade!H7:H51,"Exclusão indevida")+COUNTIF(Aplicabilidade!H7:H51,"Requisito que se aplica sempre") -> 0 | D10: Exclusão indevida, ou requisito que se aplica sempre.
B11: Requisitos a decidir ou completar | C11: =SUMPRODUCT((Aplicabilidade!H7:H51<>"OK")*1)-COUNTIF(Aplicabilidade!H7:H51,"Exclusão indevida")-COUNTIF(Aplicabilidade!H7:H51,"Requisito que se aplica sempre") -> 45 | D11: Sem decisão, sem justificativa ou sem o efeito avaliado.
B12: Demonstrado | C12: =COUNTIF(Liderança!G6:G15,"Demonstrado") -> 0 | D12: Compromissos da direção, de 10.
B13: Parcial | C13: =COUNTIF(Liderança!G6:G15,"Parcial") -> 0 | D13: Pedem ação, com responsável e prazo.
B14: Não demonstrado | C14: =COUNTIF(Liderança!G6:G15,"Não demonstrado") -> 0 | D14: Levar à análise crítica.
B15: Compromissos a completar | C15: =SUMPRODUCT((Liderança!K6:K15<>"OK")*1) -> 10 | D15: Sem evidência, sem ação ou sem registro.
B17: Os compromissos da direção
B18: Compromisso | C18: Situação | D18: Prazo da ação | E18: Responsável | F18: Conferência
B19: 1 · Responder pela eficácia | C19: =IF(Liderança!G6="","",Liderança!G6) | D19: =IF(Liderança!J6="","",Liderança!J6) | E19: =IF(Liderança!I6="","",Liderança!I6) | F19: =Liderança!K6 -> Falta a evidência
B20: 2 · Política e objetivos | C20: =IF(Liderança!G7="","",Liderança!G7) | D20: =IF(Liderança!J7="","",Liderança!J7) | E20: =IF(Liderança!I7="","",Liderança!I7) | F20: =Liderança!K7 -> Falta a evidência
B21: 3 · Integração ao negócio | C21: =IF(Liderança!G8="","",Liderança!G8) | D21: =IF(Liderança!J8="","",Liderança!J8) | E21: =IF(Liderança!I8="","",Liderança!I8) | F21: =Liderança!K8 -> Falta a evidência
B22: 4 · Processos e riscos | C22: =IF(Liderança!G9="","",Liderança!G9) | D22: =IF(Liderança!J9="","",Liderança!J9) | E22: =IF(Liderança!I9="","",Liderança!I9) | F22: =Liderança!K9 -> Falta a evidência
B23: 5 · Recursos | C23: =IF(Liderança!G10="","",Liderança!G10) | D23: =IF(Liderança!J10="","",Liderança!J10) | E23: =IF(Liderança!I10="","",Liderança!I10) | F23: =Liderança!K10 -> Falta a evidência
B24: 6 · Comunicação | C24: =IF(Liderança!G11="","",Liderança!G11) | D24: =IF(Liderança!J11="","",Liderança!J11) | E24: =IF(Liderança!I11="","",Liderança!I11) | F24: =Liderança!K11 -> Falta a evidência
B25: 7 · Resultados | C25: =IF(Liderança!G12="","",Liderança!G12) | D25: =IF(Liderança!J12="","",Liderança!J12) | E25: =IF(Liderança!I12="","",Liderança!I12) | F25: =Liderança!K12 -> Falta a evidência
B26: 8 · Pessoas | C26: =IF(Liderança!G13="","",Liderança!G13) | D26: =IF(Liderança!J13="","",Liderança!J13) | E26: =IF(Liderança!I13="","",Liderança!I13) | F26: =Liderança!K13 -> Falta a evidência
B27: 9 · Melhoria | C27: =IF(Liderança!G14="","",Liderança!G14) | D27: =IF(Liderança!J14="","",Liderança!J14) | E27: =IF(Liderança!I14="","",Liderança!I14) | F27: =Liderança!K14 -> Falta a evidência
B28: 10 · Outros gestores | C28: =IF(Liderança!G15="","",Liderança!G15) | D28: =IF(Liderança!J15="","",Liderança!J15) | E28: =IF(Liderança!I15="","",Liderança!I15) | F28: =Liderança!K15 -> Falta a evidência
B30: Resumo automático
B31: Aviso | C31: =IF(Escopo!C4="","Escreva o escopo na aba Escopo",IF(C10>0,"Há requisito declarado não aplicável que se aplica",IF(COUNTIF(Escopo!D5:D12,"OK")<5,"Há campo obrigatório do escopo em branco",IF(C11>0,"Há requisito a decidir na aba Aplicabilidade",IF(C14>0,"Há compromisso da direção não demonstrado",IF(C15>0,"Há compromisso a completar","OK")))))) -> Escreva o escopo na aba Escopo
B33: Demonstrado | C33: =COUNTIF(Liderança!G6:G15,B33) -> 0
B34: Parcial | C34: =COUNTIF(Liderança!G6:G15,B34) -> 0
B35: Não demonstrado | C35: =COUNTIF(Liderança!G6:G15,B35) -> 0

Sheet Checklist
B1: Checklist do escopo e da liderança
B2: Escolha o status de cada item na lista suspensa (coluna em amarelo-claro).
B4: # | C4: Item de verificação | D4: Status | E4: Observações
B5: 1 | C5: O contexto e as partes interessadas foram considerados para definir o escopo.
B6: 2 | C6: A declaração de escopo diz que produtos e serviços estão cobertos.
B7: 3 | C7: As unidades, os locais e as atividades dentro do escopo estão claros.
B8: 4 | C8: Os processos terceirizados aparecem no escopo e são controlados.
B9: 5 | C9: Cada requisito considerado não aplicável tem justificativa.
B10: 6 | C10: Nenhuma não aplicabilidade afeta a conformidade do produto ou a satisfação do cliente.
B11: 7 | C11: O escopo está escrito, aprovado e disponível como informação documentada.
B12: 8 | C12: A direção responde pela eficácia do sistema e conduz a análise crítica.
B13: 9 | C13: A política e os objetivos são compatíveis com a estratégia e com o contexto.
B14: 10 | C14: Os requisitos do sistema estão integrados aos processos do negócio, e não em paralelo.
B15: 11 | C15: A direção garante os recursos e comunica a importância da qualidade.
B16: 12 | C16: A direção engaja as pessoas, promove a melhoria e apoia os outros gestores.
B18: Resumo automático
B19: Itens atendidos (Sim) | D19: =COUNTIF(D5:D16,"Sim") -> 0
B20: Itens parciais | D20: =COUNTIF(D5:D16,"Parcial") -> 0
B21: Itens não atendidos | D21: =COUNTIF(D5:D16,"Não") -> 0
B22: Itens sem resposta | D22: =COUNTBLANK(D5:D16) -> 12
B23: Percentual atendido | D23: =D19/ROWS(D5:D16) -> 0
B24: Situação | D24: =IF(D19=ROWS(D5:D16),"Validado",IF(D22>0,"Em andamento","Com pendências")) -> Em andamento

Sheet Exemplo 1 - Pizzaria
B1: Escopo e liderança
B2: Exemplo preenchido, para consulta. Use as abas Escopo, Aplicabilidade e Liderança para a sua organização.
B4: Organização | D4: Pizzaria (loja com salão e delivery)
B5: Escopo escrito em | D5: 08/02/2027. Gerente da loja, com o dono.
B6: Leitura | D6: 15/02/2027.
B7: Origem | D7: Requisito 4.3 não atendido no diagnóstico de 2026: não havia escopo escrito.
B9: Escopo
B10: Campo | D10: Conteúdo | J10: Conferência
B11: Unidades e locais | D11: Uma loja, com salão, cozinha e expedição. | J11: =IF(D11="","Falta: unidades e locais","OK") -> OK
B12: Produtos e serviços | D12: Pizzas e bebidas, servidas no salão, para retirada no balcão e entregues em casa. Encomendas para eventos. | J12: =IF(D12="","Falta: produtos e serviços","OK") -> OK
B13: Processos | D13: Registrar o pedido, produzir e embalar, entregar; planejar e dirigir a loja, medir e melhorar; comprar e armazenar, manter equipamentos e motos, treinar a equipe. | J13: =IF(D13="","Falta: processos","OK") -> OK
B14: Processos terceirizados | D14: Pagamento pelo aplicativo, controle de pragas e manutenção do forno, por empresas contratadas. | J14: Opcional
B15: Fora do escopo | D15: Nenhuma parte da loja. | J15: Opcional
B16: Declaração de escopo | D16: Produção e venda de pizzas e bebidas no salão, para retirada e por entrega, e encomendas para eventos, na loja do bairro. | J16: =IF(D16="","Falta: declaração de escopo","OK") -> OK
B17: Revisão e data | D17: Rascunho de 08/02/2027 | J17: Opcional
B18: Aprovado por | J18: =IF(D18="","Falta: aprovado por","OK") -> Falta: aprovado por
B20: Aplicabilidade: 43 de 45 requisitos aplicáveis. Os declarados não aplicáveis:
B21: Req. | C21: Título | D21: Justificativa | E21: Pode não se aplicar? | F21: Aplica-se? | G21: Afeta o cliente? | H21: Por que pode não se aplicar | J21: Conferência
B22: 8.3 | C22: Projeto e desenvolvimento de produtos e serviços | D22: A loja não projeta produtos: segue receitas. | E22: Pode não se aplicar | F22: Não | G22: Sim | H22: Quando a organização não define as características do que fornece: produz pelo projeto do cliente ou revende. | J22: =IF(F22="","Falta decidir",IF(F22="Sim","OK",IF(E22="Aplica-se sempre","Requisito que se aplica sempre",IF(D22="","Falta a justificativa",IF(G22="","Falta avaliar o efeito",IF(G22="Sim","Exclusão indevida","OK")))))) -> Exclusão indevida
B23: 8.5.3 | C23: Propriedade pertencente a clientes ou provedores externos | D23: A loja não recebe bens do cliente. | E23: Pode não se aplicar | F23: Não | G23: Sim | H23: Quando nada do cliente ou do fornecedor fica sob os cuidados da organização: material, ferramenta, dado. | J23: =IF(F23="","Falta decidir",IF(F23="Sim","OK",IF(E23="Aplica-se sempre","Requisito que se aplica sempre",IF(D23="","Falta a justificativa",IF(G23="","Falta avaliar o efeito",IF(G23="Sim","Exclusão indevida","OK")))))) -> Exclusão indevida
B25: Liderança
B26: # | C26: Compromisso | D26: O que a direção faz | E26: Frequência | F26: Registro | G26: Situação | H26: Ação | I26: Responsável | J26: Prazo | K26: Conferência
B27: 1 | C27: Responder pela eficácia | D27: O dono conduz a análise crítica de dezembro e assina as decisões. | E27: Anual | F27: Ata da análise crítica de 14/12/2026 | G27: Demonstrado | K27: =IF(D27="","Falta a evidência",IF(G27="","Falta a situação",IF(AND(OR(G27="Parcial",G27="Não demonstrado"),H27=""),"Falta a ação",IF(AND(H27<>"",OR(I27="",J27="")),"Falta o responsável ou o prazo",IF(AND(G27="Demonstrado",F27=""),"Falta o registro","OK"))))) -> OK
B28: 2 | C28: Política e objetivos | D28: Os objetivos de 2027 saíram da análise crítica e da SWOT, com o dono. | E28: Anual | F28: Quadro de objetivos de 2027 | G28: Demonstrado | K28: =IF(D28="","Falta a evidência",IF(G28="","Falta a situação",IF(AND(OR(G28="Parcial",G28="Não demonstrado"),H28=""),"Falta a ação",IF(AND(H28<>"",OR(I28="",J28="")),"Falta o responsável ou o prazo",IF(AND(G28="Demonstrado",F28=""),"Falta o registro","OK"))))) -> OK
B29: 3 | C29: Integração ao negócio | D29: Os indicadores são lidos na reunião semanal, junto com as vendas. | E29: Semanal | F29: Painel de indicadores | G29: Demonstrado | K29: =IF(D29="","Falta a evidência",IF(G29="","Falta a situação",IF(AND(OR(G29="Parcial",G29="Não demonstrado"),H29=""),"Falta a ação",IF(AND(H29<>"",OR(I29="",J29="")),"Falta o responsável ou o prazo",IF(AND(G29="Demonstrado",F29=""),"Falta o registro","OK"))))) -> OK
B30: 4 | C30: Processos e riscos | D30: O mapa de processos está na parede da cozinha. Os riscos são revistos uma vez por ano. | E30: Anual | F30: Matriz de riscos | G30: Parcial | H30: Ler os riscos de cada processo na reunião mensal com os líderes. | I30: Gerente da loja | J30: 46507 | K30: =IF(D30="","Falta a evidência",IF(G30="","Falta a situação",IF(AND(OR(G30="Parcial",G30="Não demonstrado"),H30=""),"Falta a ação",IF(AND(H30<>"",OR(I30="",J30="")),"Falta o responsável ou o prazo",IF(AND(G30="Demonstrado",F30=""),"Falta o registro","OK"))))) -> OK
B31: 5 | C31: Recursos | D31: Aprovou o segundo pizzaiolo e o treinamento. O segundo forno está em estudo. | E31: Quando necessário | F31: Ata da análise crítica de 14/12/2026 | G31: Demonstrado | K31: =IF(D31="","Falta a evidência",IF(G31="","Falta a situação",IF(AND(OR(G31="Parcial",G31="Não demonstrado"),H31=""),"Falta a ação",IF(AND(H31<>"",OR(I31="",J31="")),"Falta o responsável ou o prazo",IF(AND(G31="Demonstrado",F31=""),"Falta o registro","OK"))))) -> OK
B32: 6 | C32: Comunicação | D32: Fala da qualidade na abertura do turno de sexta-feira. | E32: Semanal | G32: Parcial | H32: Incluir os entregadores e mandar uma mensagem por semana no grupo da equipe. | I32: Dono | J32: 46477 | K32: =IF(D32="","Falta a evidência",IF(G32="","Falta a situação",IF(AND(OR(G32="Parcial",G32="Não demonstrado"),H32=""),"Falta a ação",IF(AND(H32<>"",OR(I32="",J32="")),"Falta o responsável ou o prazo",IF(AND(G32="Demonstrado",F32=""),"Falta o registro","OK"))))) -> OK
B33: 7 | C33: Resultados | D33: Acompanha o quadro de objetivos todo mês. | E33: Mensal | F33: Quadro de objetivos | G33: Demonstrado | K33: =IF(D33="","Falta a evidência",IF(G33="","Falta a situação",IF(AND(OR(G33="Parcial",G33="Não demonstrado"),H33=""),"Falta a ação",IF(AND(H33<>"",OR(I33="",J33="")),"Falta o responsável ou o prazo",IF(AND(G33="Demonstrado",F33=""),"Falta o registro","OK"))))) -> OK
B34: 8 | C34: Pessoas | D34: Escolhe o funcionário do mês, com os líderes. | E34: Mensal | G34: Demonstrado | K34: =IF(D34="","Falta a evidência",IF(G34="","Falta a situação",IF(AND(OR(G34="Parcial",G34="Não demonstrado"),H34=""),"Falta a ação",IF(AND(H34<>"",OR(I34="",J34="")),"Falta o responsável ou o prazo",IF(AND(G34="Demonstrado",F34=""),"Falta o registro","OK"))))) -> Falta o registro
B35: 9 | C35: Melhoria | D35: Pede um ciclo PDCA por semestre e acompanha o resultado. | E35: Semestral | F35: PDCA dos atrasos na entrega | G35: Demonstrado | K35: =IF(D35="","Falta a evidência",IF(G35="","Falta a situação",IF(AND(OR(G35="Parcial",G35="Não demonstrado"),H35=""),"Falta a ação",IF(AND(H35<>"",OR(I35="",J35="")),"Falta o responsável ou o prazo",IF(AND(G35="Demonstrado",F35=""),"Falta o registro","OK"))))) -> OK
B36: 10 | C36: Outros gestores | D36: As decisões dos processos passam todas pelo gerente. | G36: Não demonstrado | K36: =IF(D36="","Falta a evidência",IF(G36="","Falta a situação",IF(AND(OR(G36="Parcial",G36="Não demonstrado"),H36=""),"Falta a ação",IF(AND(H36<>"",OR(I36="",J36="")),"Falta o responsável ou o prazo",IF(AND(G36="Demonstrado",F36=""),"Falta o registro","OK"))))) -> Falta a ação
B38: Resumo automático
B39: Campos obrigatórios do escopo | E39: =COUNTIF(J11:J18,"OK")&" de 5" -> 4 de 5
B40: Compromissos por situação | E40: =COUNTIF(G27:G36,"Demonstrado")&" demonstrados, "&COUNTIF(G27:G36,"Parcial")&" parciais, "&COUNTIF(G27:G36,"Não demonstrado")&" não demonstrados" -> 7 demonstrados, 2 parciais, 1 não demonstrados
B41: Compromissos a completar | E41: =SUMPRODUCT((K27:K36<>"OK")*1) -> 2

Sheet Exemplo 2 - Indústria
B1: Escopo e liderança
B2: Exemplo preenchido, para consulta. Use as abas Escopo, Aplicabilidade e Liderança para a sua organização.
B4: Organização | D4: Indústria de embalagens plásticas
B5: Escopo escrito em | D5: 10/05/2027. Coordenador da Qualidade, com o diretor geral e os gerentes.
B6: Leitura | D6: 17/05/2027.
B7: Origem | D7: Objetivo O4: certificação ISO 9001 até dezembro. A revisão do escopo é a primeira etapa.
B9: Escopo
B10: Campo | D10: Conteúdo | J10: Conferência
B11: Unidades e locais | D11: Fábrica: extrusão, impressão, corte e expedição. Armazém externo, operado por empresa de logística contratada. | J11: =IF(D11="","Falta: unidades e locais","OK") -> OK
B12: Produtos e serviços | D12: Filmes técnicos lisos e impressos para embalagem de alimentos, e o desenvolvimento de filmes sob encomenda. | J12: =IF(D12="","Falta: produtos e serviços","OK") -> OK
B13: Processos | D13: Vender e programar, desenvolver, extrusar, imprimir, cortar, inspecionar e expedir; gestão do sistema; suprimentos, manutenção, laboratório e pessoas. | J13: =IF(D13="","Falta: processos","OK") -> OK
B14: Processos terceirizados | D14: Armazenagem e transporte, ensaios de migração em laboratório externo e calibração dos instrumentos. | J14: Opcional
B15: Fora do escopo | D15: Nenhuma unidade. O armazém externo entra como processo terceirizado. | J15: Opcional
B16: Declaração de escopo | D16: Projeto, fabricação e expedição de filmes plásticos técnicos, lisos e impressos, para embalagem de alimentos. | J16: =IF(D16="","Falta: declaração de escopo","OK") -> OK
B17: Revisão e data | D17: Revisão 1, de 10/05/2027 | J17: Opcional
B18: Aprovado por | D18: Diretor geral | J18: =IF(D18="","Falta: aprovado por","OK") -> OK
B20: Aplicabilidade: 44 de 45 requisitos aplicáveis. Os declarados não aplicáveis:
B21: Req. | C21: Título | D21: Justificativa | E21: Pode não se aplicar? | F21: Aplica-se? | G21: Afeta o cliente? | H21: Por que pode não se aplicar | J21: Conferência
B22: 8.5.3 | C22: Propriedade pertencente a clientes ou provedores externos | D22: A fábrica não recebe material do cliente. | E22: Pode não se aplicar | F22: Não | G22: Não | H22: Quando nada do cliente ou do fornecedor fica sob os cuidados da organização: material, ferramenta, dado. | J22: =IF(F22="","Falta decidir",IF(F22="Sim","OK",IF(E22="Aplica-se sempre","Requisito que se aplica sempre",IF(D22="","Falta a justificativa",IF(G22="","Falta avaliar o efeito",IF(G22="Sim","Exclusão indevida","OK")))))) -> OK
B24: Liderança
B25: # | C25: Compromisso | D25: O que a direção faz | E25: Frequência | F25: Registro | G25: Situação | H25: Ação | I25: Responsável | J25: Prazo | K25: Conferência
B26: 1 | C26: Responder pela eficácia | D26: O diretor geral conduz a análise crítica a cada semestre. | E26: Semestral | F26: Ata da análise crítica de 18/02/2027 | G26: Demonstrado | K26: =IF(D26="","Falta a evidência",IF(G26="","Falta a situação",IF(AND(OR(G26="Parcial",G26="Não demonstrado"),H26=""),"Falta a ação",IF(AND(H26<>"",OR(I26="",J26="")),"Falta o responsável ou o prazo",IF(AND(G26="Demonstrado",F26=""),"Falta o registro","OK"))))) -> OK
B27: 2 | C27: Política e objetivos | D27: Os objetivos de 2027 estão ligados à SWOT e à certificação. | E27: Anual | F27: Quadro de objetivos de 2027 | G27: Demonstrado | K27: =IF(D27="","Falta a evidência",IF(G27="","Falta a situação",IF(AND(OR(G27="Parcial",G27="Não demonstrado"),H27=""),"Falta a ação",IF(AND(H27<>"",OR(I27="",J27="")),"Falta o responsável ou o prazo",IF(AND(G27="Demonstrado",F27=""),"Falta o registro","OK"))))) -> OK
B28: 3 | C28: Integração ao negócio | D28: Os indicadores da qualidade são lidos na reunião mensal de resultados, junto com os financeiros. | E28: Mensal | F28: Ata da reunião de resultados | G28: Demonstrado | K28: =IF(D28="","Falta a evidência",IF(G28="","Falta a situação",IF(AND(OR(G28="Parcial",G28="Não demonstrado"),H28=""),"Falta a ação",IF(AND(H28<>"",OR(I28="",J28="")),"Falta o responsável ou o prazo",IF(AND(G28="Demonstrado",F28=""),"Falta o registro","OK"))))) -> OK
B29: 4 | C29: Processos e riscos | D29: Cada gerente é dono de processo, com tartaruga e matriz de riscos. | E29: Semestral | F29: Mapa de processos e matrizes de riscos | G29: Demonstrado | K29: =IF(D29="","Falta a evidência",IF(G29="","Falta a situação",IF(AND(OR(G29="Parcial",G29="Não demonstrado"),H29=""),"Falta a ação",IF(AND(H29<>"",OR(I29="",J29="")),"Falta o responsável ou o prazo",IF(AND(G29="Demonstrado",F29=""),"Falta o registro","OK"))))) -> OK
B30: 5 | C30: Recursos | D30: Aprovou o medidor de espessura de R$ 96.000, e a instalação atrasou. | E30: Quando necessário | F30: Ata da análise crítica de 18/02/2027 | G30: Parcial | H30: Acompanhar a instalação na reunião mensal de resultados. | I30: Diretor geral | J30: 46660 | K30: =IF(D30="","Falta a evidência",IF(G30="","Falta a situação",IF(AND(OR(G30="Parcial",G30="Não demonstrado"),H30=""),"Falta a ação",IF(AND(H30<>"",OR(I30="",J30="")),"Falta o responsável ou o prazo",IF(AND(G30="Demonstrado",F30=""),"Falta o registro","OK"))))) -> OK
B31: 6 | C31: Comunicação | D31: Comunicado trimestral do diretor sobre qualidade e clientes, no mural e na intranet. | E31: Trimestral | F31: Comunicados publicados | G31: Demonstrado | K31: =IF(D31="","Falta a evidência",IF(G31="","Falta a situação",IF(AND(OR(G31="Parcial",G31="Não demonstrado"),H31=""),"Falta a ação",IF(AND(H31<>"",OR(I31="",J31="")),"Falta o responsável ou o prazo",IF(AND(G31="Demonstrado",F31=""),"Falta o registro","OK"))))) -> OK
B32: 7 | C32: Resultados | D32: Os objetivos são revistos a cada trimestre, com os gerentes. | E32: Trimestral | F32: Quadro de objetivos | G32: Demonstrado | K32: =IF(D32="","Falta a evidência",IF(G32="","Falta a situação",IF(AND(OR(G32="Parcial",G32="Não demonstrado"),H32=""),"Falta a ação",IF(AND(H32<>"",OR(I32="",J32="")),"Falta o responsável ou o prazo",IF(AND(G32="Demonstrado",F32=""),"Falta o registro","OK"))))) -> OK
B33: 8 | C33: Pessoas | D33: Programa de sugestões e operadores nas equipes de melhoria. | E33: Mensal | F33: Registro de sugestões | G33: Parcial | H33: Uma reunião por mês do gerente industrial com o turno da noite, que não participa. | I33: Gerente industrial | J33: 46599 | K33: =IF(D33="","Falta a evidência",IF(G33="","Falta a situação",IF(AND(OR(G33="Parcial",G33="Não demonstrado"),H33=""),"Falta a ação",IF(AND(H33<>"",OR(I33="",J33="")),"Falta o responsável ou o prazo",IF(AND(G33="Demonstrado",F33=""),"Falta o registro","OK"))))) -> OK
B34: 9 | C34: Melhoria | D34: Mantém a equipe de melhoria do refugo, com horas e verba. | E34: Mensal | F34: Ciclo PDCA do refugo | G34: Demonstrado | K34: =IF(D34="","Falta a evidência",IF(G34="","Falta a situação",IF(AND(OR(G34="Parcial",G34="Não demonstrado"),H34=""),"Falta a ação",IF(AND(H34<>"",OR(I34="",J34="")),"Falta o responsável ou o prazo",IF(AND(G34="Demonstrado",F34=""),"Falta o registro","OK"))))) -> OK
B35: 10 | C35: Outros gestores | D35: Os gerentes conduzem a análise crítica do seu processo antes da geral. | E35: Semestral | G35: Demonstrado | K35: =IF(D35="","Falta a evidência",IF(G35="","Falta a situação",IF(AND(OR(G35="Parcial",G35="Não demonstrado"),H35=""),"Falta a ação",IF(AND(H35<>"",OR(I35="",J35="")),"Falta o responsável ou o prazo",IF(AND(G35="Demonstrado",F35=""),"Falta o registro","OK"))))) -> Falta o registro
B37: Resumo automático
B38: Campos obrigatórios do escopo | E38: =COUNTIF(J11:J18,"OK")&" de 5" -> 5 de 5
B39: Compromissos por situação | E39: =COUNTIF(G26:G35,"Demonstrado")&" demonstrados, "&COUNTIF(G26:G35,"Parcial")&" parciais, "&COUNTIF(G26:G35,"Não demonstrado")&" não demonstrados" -> 8 demonstrados, 2 parciais, 0 não demonstrados
B40: Compromissos a completar | E40: =SUMPRODUCT((K26:K35<>"OK")*1) -> 1
